"Name","Games.Played","MIN","MIN.","PTS","PTS.","FGM","FGA","FG.","X3PM","X3PA","X3P.","FTM","FTA","FT.","OREB","OREB.","DREB","DREB.","REB","REB.","AST","AST.","STL","STL.","BLK","BLK.","TOV","TOV.","PF","PF.","Pos","Team","Age","Height","Weight","BMI","salary"
"AJ Price",26,324,12.4615384615385,133,5.11538461538461,51,137,37.2,15,57,26.3,16,24,66.7,6,0.230769230769231,26,1,32,1.23076923076923,46,1.76923076923077,7,0.269230769230769,0,0,14,0.538461538461538,15,0.576923076923077,"PG","PHO",29,185,81.45,23.79839299,53838
"Aaron Gordon",47,797,16.9574468085106,243,5.17021276595745,93,208,44.7,13,48,27.1,44,61,72.1,46,0.978723404255319,123,2.61702127659574,169,3.59574468085106,33,0.702127659574468,21,0.446808510638298,22,0.468085106382979,38,0.808510638297872,83,1.76595744680851,"PF","ORL",20,202.5,99,24.14266118,3992040
"Adreian Payne",32,740,23.125,213,6.65625,91,220,41.4,1,9,11.1,30,46,65.2,48,1.5,114,3.5625,162,5.0625,30,0.9375,19,0.59375,9,0.28125,44,1.375,88,2.75,"PF","ATL",24,205,106.65,25.37775134,1855320
"Al Horford",76,2318,30.5,1156,15.2105263157895,519,965,53.8,11,36,30.6,107,141,75.9,131,1.72368421052632,413,5.43421052631579,544,7.15789473684211,244,3.21052631578947,68,0.894736842105263,98,1.28947368421053,100,1.31578947368421,121,1.59210526315789,"C","ATL",29,205,110.25,26.2343843,1.2e+07
"Al Jefferson",65,1992,30.6461538461538,1082,16.6461538461538,486,1010,48.1,2,5,40,108,165,65.5,99,1.52307692307692,449,6.90769230769231,548,8.43076923076923,113,1.73846153846154,47,0.723076923076923,84,1.29230769230769,68,1.04615384615385,139,2.13846153846154,"C","CHA",30,205,130.05,30.94586556,13500000
"Alan Anderson",74,1744,23.5675675675676,545,7.36486486486486,195,440,44.3,73,210,34.8,82,101,81.2,31,0.418918918918919,173,2.33783783783784,204,2.75675675675676,83,1.12162162162162,56,0.756756756756757,5,0.0675675675675676,60,0.810810810810811,148,2,"SG","NJN",33,195,99,26.03550296,1276061
"Alec Burks",27,899,33.2962962962963,374,13.8518518518519,121,300,40.3,26,68,38.2,106,129,82.2,19,0.703703703703704,95,3.51851851851852,114,4.22222222222222,82,3.03703703703704,17,0.62962962962963,5,0.185185185185185,52,1.92592592592593,64,2.37037037037037,"SG","UTA",24,195,96.3,25.32544379,3034356
"Alex Len",69,1518,22,432,6.26086956521739,179,353,50.7,1,3,33.3,73,104,70.2,142,2.05797101449275,312,4.52173913043478,454,6.57971014492754,32,0.463768115942029,34,0.492753623188406,105,1.52173913043478,74,1.07246376811594,213,3.08695652173913,"C","PHO",22,212.5,117,25.9100346,3649920
"Alexey Shved",42,767,18.2619047619048,434,10.3333333333333,133,335,39.7,47,139,33.8,121,150,80.7,23,0.547619047619048,76,1.80952380952381,99,2.35714285714286,106,2.52380952380952,30,0.714285714285714,6,0.142857142857143,48,1.14285714285714,48,1.14285714285714,"SG","NYK",27,195,85.5,22.4852071,3282056
"Alexis Ajinca",68,957,14.0735294117647,443,6.51470588235294,181,329,55,0,0,0,81,99,81.8,104,1.52941176470588,211,3.10294117647059,315,4.63235294117647,47,0.691176470588235,21,0.308823529411765,51,0.75,69,1.01470588235294,151,2.22058823529412,"C","NOH",27,215,111.6,24.14277988,981084
"Al-Farouq Aminu",74,1366,18.4594594594595,412,5.56756756756757,147,357,41.2,34,124,27.4,84,118,71.2,114,1.54054054054054,228,3.08108108108108,342,4.62162162162162,59,0.797297297297297,70,0.945945945945946,62,0.837837837837838,55,0.743243243243243,137,1.85135135135135,"SF","DAL",25,202.5,99,24.14266118,981084
"Allen Crabbe",51,683,13.3921568627451,168,3.29411764705882,63,153,41.2,30,85,35.3,12,16,75,7,0.137254901960784,66,1.29411764705882,73,1.43137254901961,39,0.764705882352941,19,0.372549019607843,15,0.294117647058824,15,0.294117647058824,74,1.45098039215686,"SG","POR",23,195,94.5,24.85207101,862000
"Amir Johnson",75,1979,26.3866666666667,694,9.25333333333333,298,519,57.4,19,46,41.3,79,129,61.2,159,2.12,297,3.96,456,6.08,117,1.56,44,0.586666666666667,59,0.786666666666667,110,1.46666666666667,225,3,"PF","TOR",28,202.5,108,26.33744856,7e+06
"Andre Dawkins",4,22,5.5,3,0.75,1,6,16.7,1,6,16.7,0,0,0,0,0,2,0.5,2,0.5,1,0.25,0,0,0,0,1,0.25,3,0.75,"SG","MIA",24,192.5,96.75,26.10895598,29843
"Andre Drummond",82,2502,30.5121951219512,1130,13.780487804878,494,961,51.4,0,2,0,142,365,38.9,437,5.32926829268293,667,8.13414634146342,1104,13.4634146341463,55,0.670731707317073,73,0.890243902439024,153,1.86585365853659,120,1.46341463414634,285,3.47560975609756,"C","DET",22,207.5,125.55,29.15952969,2568360
"Andre Iguodala",77,2069,26.8701298701299,604,7.84415584415584,231,496,46.6,74,212,34.9,68,114,59.6,44,0.571428571428571,213,2.76623376623377,257,3.33766233766234,228,2.96103896103896,89,1.15584415584416,25,0.324675324675325,88,1.14285714285714,100,1.2987012987013,"SF","GSW",31,195,96.75,25.44378698,12289544
"Andre Miller",81,1253,15.4691358024691,355,4.38271604938272,145,290,50,7,34,20.6,58,77,75.3,37,0.45679012345679,116,1.4320987654321,153,1.88888888888889,284,3.50617283950617,32,0.395061728395062,6,0.0740740740740741,104,1.28395061728395,103,1.27160493827161,"PG","WAS",39,187.5,90,25.6,4650000
"Andre Roberson",67,1286,19.1940298507463,228,3.40298507462687,92,201,45.8,21,85,24.7,23,48,47.9,60,0.895522388059702,195,2.91044776119403,255,3.80597014925373,70,1.04477611940298,53,0.791044776119403,29,0.432835820895522,46,0.686567164179104,141,2.1044776119403,"SG","OKC",24,197.5,94.5,24.22688672,1160880
"Andrea Bargnani",29,785,27.0689655172414,430,14.8275862068966,164,361,45.4,15,41,36.6,87,107,81.3,32,1.10344827586207,95,3.27586206896552,127,4.37931034482759,46,1.58620689655172,2,0.0689655172413793,27,0.931034482758621,42,1.44827586206897,53,1.82758620689655,"C","NYK",30,210,110.25,25,11500000
"Andrei Kirilenko",7,36,5.14285714285714,3,0.428571428571429,0,5,0,0,0,0,3,4,75,2,0.285714285714286,6,0.857142857142857,8,1.14285714285714,1,0.142857142857143,1,0.142857142857143,0,0,1,0.142857142857143,1,0.142857142857143,"SF","NJN",34,202.5,99,24.14266118,3326235
"Andrew Bogut",67,1583,23.6268656716418,422,6.29850746268657,200,355,56.3,0,0,0,22,42,52.4,141,2.1044776119403,402,6,543,8.1044776119403,180,2.6865671641791,39,0.582089552238806,113,1.6865671641791,106,1.58208955223881,188,2.80597014925373,"C","GSW",31,210,117,26.53061224,12972973
"Andrew Nicholson",40,492,12.3,194,4.85,83,190,43.7,13,41,31.7,15,25,60,17,0.425,65,1.625,82,2.05,22,0.55,6,0.15,12,0.3,24,0.6,51,1.275,"PF","ORL",26,202.5,112.5,27.43484225,1545840
"Anthony Bennett",57,894,15.6842105263158,298,5.2280701754386,125,297,42.1,7,23,30.4,41,64,64.1,52,0.912280701754386,164,2.87719298245614,216,3.78947368421053,48,0.842105263157895,27,0.473684210526316,16,0.280701754385965,36,0.631578947368421,87,1.52631578947368,"PF","MIN",22,200,110.25,27.5625,5563920
"Anthony Davis",68,2455,36.1029411764706,1656,24.3529411764706,642,1199,53.5,1,12,8.3,371,461,80.5,173,2.54411764705882,523,7.69117647058824,696,10.2352941176471,149,2.19117647058824,100,1.47058823529412,200,2.94117647058824,95,1.39705882352941,141,2.07352941176471,"PF","NOH",22,205,113.85,27.09101725,5607240
"Anthony Morrow",74,1806,24.4054054054054,790,10.6756756756757,285,615,46.3,141,325,43.4,79,89,88.8,40,0.540540540540541,155,2.09459459459459,195,2.63513513513514,60,0.810810810810811,54,0.72972972972973,11,0.148648648648649,38,0.513513513513513,135,1.82432432432432,"SG","OKC",30,192.5,94.5,25.50177096,3200000
"Archie Goodwin",41,535,13.0487804878049,231,5.63414634146341,79,201,39.3,12,41,29.3,61,83,73.5,27,0.658536585365854,47,1.14634146341463,74,1.80487804878049,44,1.07317073170732,18,0.439024390243902,9,0.219512195121951,48,1.17073170731707,55,1.34146341463415,"SG","PHO",21,192.5,90,24.28740091,1112280
"Aron Baynes",70,1122,16.0285714285714,461,6.58571428571429,185,327,56.6,1,4,25,90,104,86.5,109,1.55714285714286,209,2.98571428571429,318,4.54285714285714,35,0.5,16,0.228571428571429,22,0.314285714285714,65,0.928571428571429,162,2.31428571428571,"C","SAS",29,205,117,27.84057109,2077000
"Austin Daye",34,344,10.1176470588235,129,3.79411764705882,50,141,35.5,24,71,33.8,5,6,83.3,10,0.294117647058824,65,1.91176470588235,75,2.20588235294118,17,0.5,12,0.352941176470588,5,0.147058823529412,23,0.676470588235294,39,1.14705882352941,"SF","SAS",27,207.5,99,22.99317753,53838
"Austin Rivers",76,1563,20.5657894736842,530,6.97368421052632,203,496,40.9,39,131,29.8,85,126,67.5,27,0.355263157894737,125,1.64473684210526,152,2,155,2.03947368421053,48,0.631578947368421,14,0.184210526315789,65,0.855263157894737,146,1.92105263157895,"SG","NOH",23,190,90,24.93074792,2439840
"Avery Bradley",77,2428,31.5324675324675,1071,13.9090909090909,434,1013,42.8,124,352,35.2,79,100,79,46,0.597402597402597,195,2.53246753246753,241,3.12987012987013,135,1.75324675324675,82,1.06493506493506,15,0.194805194805195,109,1.41558441558442,177,2.2987012987013,"SG","BOS",25,185,81,23.66691015,7191011
"Ben Gordon",56,790,14.1071428571429,349,6.23214285714286,129,295,43.7,35,97,36.1,56,67,83.6,6,0.107142857142857,57,1.01785714285714,63,1.125,50,0.892857142857143,14,0.25,1,0.0178571428571429,55,0.982142857142857,60,1.07142857142857,"SG","ORL",32,187.5,90,25.6,4500000
"Ben McLemore",82,2670,32.5609756097561,996,12.1463414634146,363,831,43.7,140,391,35.8,130,160,81.3,31,0.378048780487805,210,2.5609756097561,241,2.9390243902439,140,1.70731707317073,77,0.939024390243902,19,0.231707317073171,138,1.68292682926829,219,2.67073170731707,"SG","SAC",22,192.5,87.75,23.68021589,3026280
"Bernard James",16,158,9.875,44,2.75,12,27,44.4,0,0,0,20,23,87,18,1.125,21,1.3125,39,2.4375,4,0.25,2,0.125,15,0.9375,6,0.375,17,1.0625,"C","DAL",30,205,108,25.6989887,236886
"Bismack Biyombo",64,1243,19.421875,304,4.75,101,186,54.3,0,0,0,102,175,58.3,159,2.484375,248,3.875,407,6.359375,16,0.25,18,0.28125,99,1.546875,52,0.8125,140,2.1875,"C","CHA",23,202.5,114.75,27.98353909,3873398
"Blake Griffin",67,2356,35.1641791044776,1469,21.9253731343284,574,1144,50.2,10,25,40,311,427,72.8,126,1.88059701492537,382,5.70149253731343,508,7.58208955223881,354,5.28358208955224,63,0.940298507462687,35,0.522388059701492,152,2.26865671641791,196,2.92537313432836,"PF","LAC",26,205,112.95,26.87685901,17674613
"Bojan Bogdanovic",78,1854,23.7692307692308,700,8.97435897435897,261,576,45.3,91,256,35.5,87,106,82.1,50,0.641025641025641,163,2.08974358974359,213,2.73076923076923,68,0.871794871794872,34,0.435897435897436,9,0.115384615384615,78,1,104,1.33333333333333,"SF","NJN",26,200,97.2,24.3,3278000
"Boris Diaw",81,1984,24.4938271604938,708,8.74074074074074,291,632,46,54,169,32,72,93,77.4,78,0.962962962962963,270,3.33333333333333,348,4.2962962962963,233,2.87654320987654,36,0.444444444444444,23,0.283950617283951,126,1.55555555555556,148,1.82716049382716,"PF","SAS",33,200,112.5,28.125,7500000
"Bradley Beal",63,2107,33.4444444444444,962,15.2698412698413,363,851,42.7,106,259,40.9,130,166,78.3,57,0.904761904761905,184,2.92063492063492,241,3.82539682539683,194,3.07936507936508,76,1.20634920634921,18,0.285714285714286,123,1.95238095238095,136,2.15873015873016,"SG","WAS",22,192.5,93.15,25.13745994,4505280
"Brandon Bass",82,1929,23.5243902439024,866,10.5609756097561,344,683,50.4,9,32,28.1,169,214,79,139,1.69512195121951,259,3.15853658536585,398,4.85365853658537,104,1.26829268292683,41,0.5,32,0.390243902439024,83,1.01219512195122,140,1.70731707317073,"PF","BOS",30,200,112.5,28.125,6900000
"Brandon Knight",63,2035,32.3015873015873,1070,16.984126984127,375,888,42.2,125,321,38.9,195,223,87.4,28,0.444444444444444,216,3.42857142857143,244,3.87301587301587,330,5.23809523809524,90,1.42857142857143,10,0.158730158730159,189,3,114,1.80952380952381,"SG","PHO",24,187.5,85.05,24.192,3553917
"Brandon Rush",33,271,8.21212121212121,30,0.909090909090909,11,54,20.4,3,27,11.1,5,11,45.5,4,0.121212121212121,37,1.12121212121212,41,1.24242424242424,12,0.363636363636364,5,0.151515151515152,12,0.363636363636364,11,0.333333333333333,27,0.818181818181818,"SG","GSW",30,195,99,26.03550296,1145685
"Brendan Haywood",22,119,5.40909090909091,35,1.59090909090909,14,30,46.7,0,0,0,7,13,53.8,6,0.272727272727273,23,1.04545454545455,29,1.31818181818182,2,0.0909090909090909,2,0.0909090909090909,10,0.454545454545455,10,0.454545454545455,17,0.772727272727273,"C","CLE",36,210,120.6,27.34693878,2213668
"Brian Roberts",72,1330,18.4722222222222,480,6.66666666666667,176,452,38.9,62,193,32.1,66,74,89.2,13,0.180555555555556,96,1.33333333333333,109,1.51388888888889,162,2.25,33,0.458333333333333,6,0.0833333333333333,57,0.791666666666667,75,1.04166666666667,"PG","CHA",30,182.5,77.85,23.37399137,2732000
"Brook Lopez",72,2100,29.1666666666667,1236,17.1666666666667,506,987,51.3,1,10,10,223,274,81.4,214,2.97222222222222,321,4.45833333333333,535,7.43055555555556,50,0.694444444444444,43,0.597222222222222,126,1.75,104,1.44444444444444,206,2.86111111111111,"C","NJN",27,210,123.75,28.06122449,15719062
"Bruno Caboclo",8,23,2.875,10,1.25,4,12,33.3,2,3,66.7,0,0,0,1,0.125,1,0.125,2,0.25,0,0,0,0,1,0.125,4,0.5,3,0.375,"SF","TOR",20,202.5,98.1,23.92318244,1458360
"Bryce Cotton",15,159,10.6,80,5.33333333333333,29,69,42,7,20,35,15,18,83.3,3,0.2,15,1,18,1.2,15,1,4,0.266666666666667,0,0,12,0.8,6,0.4,"PG","UTA",23,182.5,74.25,22.29311315,92514
"Carl Landry",70,1192,17.0285714285714,503,7.18571428571429,190,369,51.5,0,0,0,123,150,82,99,1.41428571428571,169,2.41428571428571,268,3.82857142857143,26,0.371428571428571,15,0.214285714285714,17,0.242857142857143,54,0.771428571428571,132,1.88571428571429,"PF","SAC",32,202.5,111.6,27.21536351,6500000
"Carlos Boozer",71,1692,23.830985915493,836,11.7746478873239,371,743,49.9,0,0,0,94,150,62.7,111,1.56338028169014,371,5.22535211267606,482,6.7887323943662,95,1.33802816901408,41,0.577464788732394,12,0.169014084507042,92,1.29577464788732,184,2.59154929577465,"PF","LAL",34,202.5,116.1,28.3127572,3251000
"Carmelo Anthony",40,1428,35.7,966,24.15,358,806,44.4,61,179,34.1,189,237,79.7,72,1.8,192,4.8,264,6.6,122,3.05,40,1,17,0.425,89,2.225,87,2.175,"SF","NYK",31,200,108,27,22458401
"Caron Butler",78,1623,20.8076923076923,460,5.8974358974359,161,396,40.7,83,219,37.9,55,61,90.2,21,0.269230769230769,175,2.24358974358974,196,2.51282051282051,79,1.01282051282051,43,0.551282051282051,4,0.0512820512820513,49,0.628205128205128,120,1.53846153846154,"SF","DET",35,197.5,102.6,26.30347701,4500000
"Cartier Martin",23,198,8.60869565217391,36,1.56521739130435,15,53,28.3,6,33,18.2,0,0,0,0,0,20,0.869565217391304,20,0.869565217391304,11,0.478260869565217,3,0.130434782608696,1,0.0434782608695652,5,0.217391304347826,20,0.869565217391304,"SF","DET",31,197.5,99,25.38054799,1145685
"Chandler Parsons",66,2186,33.1212121212121,1037,15.7121212121212,383,829,46.2,132,347,38,139,193,72,64,0.96969696969697,259,3.92424242424242,323,4.89393939393939,161,2.43939393939394,69,1.04545454545455,19,0.287878787878788,96,1.45454545454545,140,2.12121212121212,"SF","DAL",27,205,103.5,24.6281975,14700000
"Channing Frye",75,1870,24.9333333333333,549,7.32,191,487,39.2,136,346,39.3,31,35,88.6,27,0.36,266,3.54666666666667,293,3.90666666666667,94,1.25333333333333,47,0.626666666666667,39,0.52,78,1.04,191,2.54666666666667,"PF","ORL",32,207.5,114.75,26.65118305,8579088
"Chase Budinger",67,1286,19.1940298507463,457,6.82089552238806,169,390,43.3,52,143,36.4,67,81,82.7,33,0.492537313432836,165,2.46268656716418,198,2.95522388059702,64,0.955223880597015,44,0.656716417910448,10,0.149253731343284,49,0.73134328358209,72,1.07462686567164,"SF","MIN",27,197.5,94.05,24.11152059,5e+06
"Chris Andersen",60,1132,18.8666666666667,320,5.33333333333333,120,207,58,4,13,30.8,76,114,66.7,76,1.26666666666667,223,3.71666666666667,299,4.98333333333333,43,0.716666666666667,26,0.433333333333333,61,1.01666666666667,40,0.666666666666667,88,1.46666666666667,"C","MIA",37,205,110.25,26.2343843,5375000
"Chris Bosh",44,1556,35.3636363636364,928,21.0909090909091,343,745,46,63,168,37.5,179,232,77.2,46,1.04545454545455,264,6,310,7.04545454545455,95,2.15909090909091,41,0.931818181818182,25,0.568181818181818,95,2.15909090909091,69,1.56818181818182,"C","MIA",31,207.5,105.75,24.56089418,20644400
"Chris Copeland",50,828,16.56,309,6.18,112,310,36.1,52,167,31.1,33,45,73.3,23,0.46,88,1.76,111,2.22,51,1.02,11,0.22,11,0.22,59,1.18,78,1.56,"SF","IND",31,202.5,107.55,26.22770919,3135000
"Chris Kaman",74,1398,18.8918918918919,638,8.62162162162162,283,549,51.5,0,0,0,72,102,70.6,149,2.01351351351351,335,4.52702702702703,484,6.54054054054054,65,0.878378378378378,18,0.243243243243243,54,0.72972972972973,108,1.45945945945946,140,1.89189189189189,"C","POR",33,210,119.25,27.04081633,4800000
"Chris Paul",82,2857,34.8414634146341,1564,19.0731707317073,568,1170,48.5,139,349,39.8,289,321,90,52,0.634146341463415,324,3.95121951219512,376,4.58536585365854,838,10.219512195122,156,1.90243902439024,15,0.182926829268293,190,2.31707317073171,203,2.47560975609756,"PG","LAC",30,180,78.75,24.30555556,20068563
"Chuck Hayes",29,255,8.79310344827586,50,1.72413793103448,22,46,47.8,0,0,0,6,11,54.5,18,0.620689655172414,33,1.13793103448276,51,1.75862068965517,20,0.689655172413793,10,0.344827586206897,4,0.137931034482759,8,0.275862068965517,37,1.27586206896552,"C","TOR",32,195,108,28.40236686,5958750
"CJ McCollum",62,973,15.6935483870968,424,6.83870967741935,159,365,43.6,55,139,39.6,51,73,69.9,14,0.225806451612903,77,1.24193548387097,91,1.46774193548387,64,1.03225806451613,43,0.693548387096774,8,0.129032258064516,48,0.774193548387097,81,1.30645161290323,"SG","POR",24,190,90,24.93074792,2421000
"CJ Miles",70,1841,26.3,942,13.4571428571429,329,827,39.8,154,446,34.5,130,161,80.7,18,0.257142857142857,196,2.8,214,3.05714285714286,75,1.07142857142857,60,0.857142857142857,26,0.371428571428571,73,1.04285714285714,132,1.88571428571429,"SG","IND",28,195,101.25,26.62721893,4205000
"Clint Capela",12,90,7.5,32,2.66666666666667,14,29,48.3,0,0,0,4,23,17.4,10,0.833333333333333,26,2.16666666666667,36,3,2,0.166666666666667,1,0.0833333333333333,9,0.75,5,0.416666666666667,14,1.16666666666667,"C","HOU",21,205,108,25.6989887,1189200
"Cole Aldrich",61,976,16,338,5.54098360655738,144,301,47.8,0,0,0,50,64,78.1,101,1.65573770491803,237,3.88524590163934,338,5.54098360655738,75,1.22950819672131,37,0.60655737704918,65,1.0655737704918,59,0.967213114754098,122,2,"C","NYK",27,207.5,112.5,26.12861083,915243
"Corey Brewer",80,2087,26.0875,917,11.4625,343,805,42.6,63,235,26.8,168,226,74.3,80,1,217,2.7125,297,3.7125,173,2.1625,114,1.425,19,0.2375,131,1.6375,173,2.1625,"SF","MIN",29,202.5,83.7,20.41152263,4702500
"Cory Jefferson",50,531,10.62,183,3.66,75,167,44.9,2,15,13.3,31,54,57.4,47,0.94,98,1.96,145,2.9,16,0.32,10,0.2,21,0.42,20,0.4,61,1.22,"PF","NJN",25,202.5,98.1,23.92318244,507336
"Cory Joseph",79,1444,18.2784810126582,535,6.77215189873418,207,411,50.4,16,44,36.4,105,143,73.4,44,0.556962025316456,148,1.87341772151899,192,2.43037974683544,188,2.37974683544304,46,0.582278481012658,17,0.215189873417722,67,0.848101265822785,105,1.32911392405063,"PG","SAS",24,187.5,86.85,24.704,2023261
"Dahntay Jones",33,123,3.72727272727273,21,0.636363636363636,6,21,28.6,0,4,0,9,11,81.8,1,0.0303030303030303,10,0.303030303030303,11,0.333333333333333,2,0.0606060606060606,3,0.0909090909090909,0,0,1,0.0303030303030303,23,0.696969696969697,"SF","LAC",35,195,101.25,26.62721893,387632
"Damian Lillard",82,2925,35.6707317073171,1720,20.9756097560976,590,1360,43.4,196,572,34.3,344,398,86.4,49,0.597560975609756,329,4.01219512195122,378,4.60975609756098,507,6.18292682926829,97,1.18292682926829,21,0.25609756097561,222,2.70731707317073,164,2,"PG","POR",25,187.5,87.75,24.96,3340920
"Damjan Rudez",68,1047,15.3970588235294,323,4.75,119,263,45.2,69,170,40.6,16,23,69.6,8,0.117647058823529,39,0.573529411764706,47,0.691176470588235,53,0.779411764705882,16,0.235294117647059,5,0.0735294117647059,47,0.691176470588235,79,1.16176470588235,"SF","IND",29,205,102.6,24.41403926,1100000
"Danilo Gallinari",59,1426,24.1694915254237,734,12.4406779661017,228,568,40.1,107,301,35.5,171,191,89.5,31,0.525423728813559,187,3.16949152542373,218,3.69491525423729,83,1.40677966101695,47,0.796610169491525,20,0.338983050847458,57,0.966101694915254,94,1.59322033898305,"SF","DEN",27,205,101.25,24.0928019,10854850
"Danny Granger",30,613,20.4333333333333,188,6.26666666666667,65,162,40.1,30,84,35.7,28,37,75.7,20,0.666666666666667,60,2,80,2.66666666666667,17,0.566666666666667,13,0.433333333333333,6,0.2,24,0.8,67,2.23333333333333,"SF","MIA",32,202.5,99.9,24.36213992,2077000
"Danny Green",81,2312,28.5432098765432,946,11.679012345679,322,738,43.6,191,457,41.8,111,127,87.4,54,0.666666666666667,289,3.5679012345679,343,4.23456790123457,158,1.95061728395062,101,1.24691358024691,87,1.07407407407407,93,1.14814814814815,163,2.01234567901235,"SG","SAS",28,195,96.75,25.44378698,4025000
"Dante Cunningham",66,1652,25.030303030303,340,5.15151515151515,155,339,45.7,1,10,10,29,47,61.7,70,1.06060606060606,186,2.81818181818182,256,3.87878787878788,50,0.757575757575758,46,0.696969696969697,37,0.560606060606061,35,0.53030303030303,101,1.53030303030303,"PF","NOH",28,200,103.5,25.875,716043
"Dante Exum",82,1817,22.1585365853659,393,4.79268292682927,145,416,34.9,83,264,31.4,20,32,62.5,27,0.329268292682927,104,1.26829268292683,131,1.59756097560976,198,2.41463414634146,41,0.5,14,0.170731707317073,118,1.4390243902439,147,1.79268292682927,"PG","UTA",20,195,85.5,22.4852071,3615000
"Darius Morris",38,299,7.86842105263158,83,2.18421052631579,36,106,34,7,33,21.2,4,9,44.4,7,0.184210526315789,20,0.526315789473684,27,0.710526315789474,48,1.26315789473684,9,0.236842105263158,0,0,21,0.552631578947368,20,0.526315789473684,"PG","NJN",24,190,85.5,23.68421053,702756
"Darrell Arthur",58,988,17.0344827586207,382,6.58620689655172,155,384,40.4,26,110,23.6,46,59,78,53,0.913793103448276,118,2.03448275862069,171,2.94827586206897,57,0.982758620689655,48,0.827586206896552,26,0.448275862068966,47,0.810344827586207,146,2.51724137931034,"PF","DEN",27,202.5,105.75,25.78875171,3457149
"Darren Collison",45,1565,34.7777777777778,725,16.1111111111111,260,550,47.3,60,161,37.3,145,184,78.8,19,0.422222222222222,124,2.75555555555556,143,3.17777777777778,252,5.6,67,1.48888888888889,14,0.311111111111111,112,2.48888888888889,95,2.11111111111111,"PG","SAC",28,180,78.75,24.30555556,4797664
"David Lee",49,904,18.4489795918367,388,7.91836734693878,160,313,51.1,0,2,0,68,104,65.4,81,1.6530612244898,176,3.59183673469388,257,5.24489795918367,85,1.73469387755102,31,0.63265306122449,26,0.530612244897959,49,1,83,1.69387755102041,"PF","GSW",32,202.5,110.25,26.8861454,15012000
"David Stockton",3,33,11,8,2.66666666666667,2,6,33.3,1,2,50,3,6,50,0,0,2,0.666666666666667,2,0.666666666666667,9,3,2,0.666666666666667,0,0,4,1.33333333333333,1,0.333333333333333,"PG","SAC",24,177.5,74.25,23.56675263,29483
"David West",66,1895,28.7121212121212,769,11.6515151515152,323,686,47.1,4,20,20,119,161,73.9,108,1.63636363636364,341,5.16666666666667,449,6.8030303030303,223,3.37878787878788,48,0.727272727272727,48,0.727272727272727,120,1.81818181818182,160,2.42424242424242,"PF","IND",35,202.5,112.5,27.43484225,1.2e+07
"DeAndre Jordan",82,2820,34.390243902439,946,11.5365853658537,379,534,71,1,4,25,187,471,39.7,397,4.84146341463415,829,10.109756097561,1226,14.9512195121951,61,0.74390243902439,81,0.98780487804878,183,2.23170731707317,109,1.32926829268293,245,2.98780487804878,"C","LAC",27,207.5,119.25,27.69632748,11440123
"DeJuan Blair",29,180,6.20689655172414,56,1.93103448275862,26,57,45.6,0,0,0,4,6,66.7,16,0.551724137931034,40,1.37931034482759,56,1.93103448275862,3,0.103448275862069,7,0.241379310344828,1,0.0344827586206897,13,0.448275862068966,41,1.41379310344828,"PF","WAS",26,197.5,121.5,31.14885435,2e+06
"DeMar DeRozan",60,2100,35,1204,20.0666666666667,409,990,41.3,25,88,28.4,361,434,83.2,41,0.683333333333333,236,3.93333333333333,277,4.61666666666667,210,3.5,73,1.21666666666667,11,0.183333333333333,137,2.28333333333333,122,2.03333333333333,"SG","TOR",26,197.5,99.45,25.49591412,10100000
"DeMarre Carroll",70,2189,31.2714285714286,883,12.6142857142857,318,653,48.7,120,304,39.5,127,181,70.2,99,1.41428571428571,273,3.9,372,5.31428571428571,118,1.68571428571429,94,1.34285714285714,17,0.242857142857143,75,1.07142857142857,154,2.2,"SF","ATL",29,200,96.75,24.1875,2442455
"Dennis Schroder",77,1516,19.6883116883117,768,9.97402597402597,284,665,42.7,52,148,35.1,148,179,82.7,29,0.376623376623377,135,1.75324675324675,164,2.12987012987013,317,4.11688311688312,49,0.636363636363636,4,0.051948051948052,150,1.94805194805195,127,1.64935064935065,"PG","ATL",22,182.5,77.4,23.23888159,1690680
"Derrick Favors",74,2280,30.8108108108108,1187,16.0405405405405,482,918,52.5,1,6,16.7,222,332,66.9,196,2.64864864864865,411,5.55405405405405,607,8.2027027027027,112,1.51351351351351,60,0.810810810810811,123,1.66216216216216,121,1.63513513513514,210,2.83783783783784,"PF","UTA",24,205,119.25,28.37596669,12950000
"Derrick Rose",51,1530,30,904,17.7254901960784,338,835,40.5,76,271,28,152,187,81.3,35,0.686274509803922,126,2.47058823529412,161,3.15686274509804,251,4.92156862745098,36,0.705882352941177,16,0.313725490196078,161,3.15686274509804,63,1.23529411764706,"PG","CHI",27,187.5,85.5,24.32,18862876
"Devin Harris",76,1685,22.1710526315789,665,8.75,219,524,41.8,95,266,35.7,132,162,81.5,13,0.171052631578947,122,1.60526315789474,135,1.77631578947368,237,3.11842105263158,78,1.02631578947368,14,0.184210526315789,85,1.11842105263158,147,1.93421052631579,"PG","DAL",32,187.5,86.4,24.576,3878896
"Devyn Marble",16,208,13,37,2.3125,14,44,31.8,4,22,18.2,5,16,31.3,5,0.3125,26,1.625,31,1.9375,17,1.0625,9,0.5625,2,0.125,9,0.5625,14,0.875,"SG","ORL",23,195,90,23.66863905,884879
"Dewayne Dedmon",59,845,14.3220338983051,216,3.66101694915254,91,162,56.2,0,1,0,34,64,53.1,118,2,177,3,295,5,9,0.152542372881356,16,0.271186440677966,50,0.847457627118644,51,0.864406779661017,141,2.38983050847458,"C","ORL",26,210,110.25,25,816482
"Dirk Nowitzki",77,2282,29.6363636363636,1333,17.3116883116883,487,1062,45.9,104,274,38,255,289,88.2,44,0.571428571428571,413,5.36363636363636,457,5.93506493506494,143,1.85714285714286,39,0.506493506493506,33,0.428571428571429,82,1.06493506493506,160,2.07792207792208,"PF","DAL",37,210,110.25,25,7974482
"Donald Sloan",53,1107,20.8867924528302,391,7.37735849056604,145,355,40.8,41,131,31.3,60,77,77.9,12,0.226415094339623,131,2.47169811320755,143,2.69811320754717,190,3.58490566037736,23,0.433962264150943,0,0,65,1.22641509433962,47,0.886792452830189,"PG","IND",27,187.5,92.25,26.24,948163
"Donatas Motiejunas",71,2037,28.6901408450704,855,12.0422535211268,353,700,50.4,49,133,36.8,100,166,60.2,137,1.92957746478873,284,4,421,5.92957746478873,130,1.83098591549296,56,0.788732394366197,34,0.47887323943662,123,1.73239436619718,203,2.85915492957746,"PF","HOU",25,210,99.9,22.65306122,1483920
"Doug McDermott",36,321,8.91666666666667,109,3.02777777777778,43,107,40.2,13,41,31.7,10,15,66.7,6,0.166666666666667,37,1.02777777777778,43,1.19444444444444,6,0.166666666666667,4,0.111111111111111,1,0.0277777777777778,17,0.472222222222222,29,0.805555555555556,"SF","CHI",23,200,101.25,25.3125,2277960
"Drew Gooden",51,864,16.9411764705882,277,5.43137254901961,110,276,39.9,23,59,39,34,44,77.3,72,1.41176470588235,151,2.96078431372549,223,4.37254901960784,49,0.96078431372549,21,0.411764705882353,9,0.176470588235294,28,0.549019607843137,91,1.7843137254902,"PF","WAS",34,205,112.5,26.76977989,915243
"Drew Gordon",9,71,7.88888888888889,17,1.88888888888889,8,19,42.1,0,3,0,1,2,50,7,0.777777777777778,11,1.22222222222222,18,2,2,0.222222222222222,1,0.111111111111111,0,0,8,0.888888888888889,7,0.777777777777778,"PF","PHI",25,202.5,110.25,26.8861454,468540
"Dwight Howard",41,1223,29.8292682926829,646,15.7560975609756,251,423,59.3,1,2,50,143,271,52.8,110,2.68292682926829,321,7.82926829268293,431,10.5121951219512,50,1.21951219512195,28,0.682926829268293,53,1.29268292682927,115,2.80487804878049,137,3.34146341463415,"C","HOU",30,207.5,119.25,27.69632748,21436271
"Earl Barron",16,143,8.9375,32,2,12,39,30.8,2,4,50,6,12,50,14,0.875,14,0.875,28,1.75,5,0.3125,4,0.25,2,0.125,5,0.3125,26,1.625,"C","PHO",34,210,112.5,25.51020408,183049
"Elfrid Payton",82,2489,30.3536585365854,731,8.91463414634146,301,708,42.5,11,42,26.2,118,214,55.1,107,1.30487804878049,242,2.95121951219512,349,4.25609756097561,533,6.5,142,1.73170731707317,20,0.24390243902439,203,2.47560975609756,193,2.35365853658537,"PG","ORL",21,190,83.25,23.06094183,2397840
"Elton Brand",36,486,13.5,96,2.66666666666667,42,95,44.2,0,1,0,12,23,52.2,28,0.777777777777778,72,2,100,2.77777777777778,22,0.611111111111111,17,0.472222222222222,25,0.694444444444444,18,0.5,54,1.5,"C","ATL",36,200,123.75,30.9375,2e+06
"Enes Kanter",75,2136,28.48,1163,15.5066666666667,482,928,51.9,16,45,35.6,183,234,78.2,277,3.69333333333333,394,5.25333333333333,671,8.94666666666667,55,0.733333333333333,36,0.48,29,0.386666666666667,145,1.93333333333333,189,2.52,"C","OKC",23,207.5,110.25,25.60603861,5694674
"Eric Bledsoe",81,2800,34.5679012345679,1377,17,468,1046,44.7,88,272,32.4,353,441,80,72,0.888888888888889,351,4.33333333333333,423,5.22222222222222,493,6.08641975308642,127,1.5679012345679,45,0.555555555555556,274,3.38271604938272,189,2.33333333333333,"PG","PHO",26,182.5,85.5,25.67085757,1.3e+07
"Eric Gordon",61,2018,33.0819672131148,818,13.4098360655738,285,694,41.1,141,315,44.8,107,133,80.5,28,0.459016393442623,131,2.14754098360656,159,2.60655737704918,229,3.75409836065574,50,0.819672131147541,14,0.229508196721311,122,2,145,2.37704918032787,"SG","NOH",27,190,96.75,26.80055402,14898938
"Ersan Ilyasova",58,1319,22.7413793103448,669,11.5344827586207,263,557,47.2,74,190,38.9,69,107,64.5,80,1.37931034482759,197,3.39655172413793,277,4.77586206896552,56,0.96551724137931,36,0.620689655172414,19,0.327586206896552,45,0.775862068965517,149,2.56896551724138,"PF","MIL",28,205,105.75,25.1635931,7900000
"E'Twaun Moore",56,504,9,149,2.66071428571429,62,139,44.6,13,38,34.2,12,20,60,12,0.214285714285714,34,0.607142857142857,46,0.821428571428571,33,0.589285714285714,20,0.357142857142857,6,0.107142857142857,14,0.25,45,0.803571428571429,"SG","CHI",26,190,85.95,23.80886427,948163
"Evan Fournier",58,1661,28.6379310344828,698,12.0344827586207,253,575,44,85,225,37.8,107,147,72.8,28,0.482758620689655,125,2.1551724137931,153,2.63793103448276,120,2.06896551724138,40,0.689655172413793,2,0.0344827586206897,82,1.41379310344828,116,2,"SG","ORL",23,197.5,92.25,23.65005608,1483920
"Evan Turner",82,2260,27.5609756097561,779,9.5,320,746,42.9,33,119,27.7,106,141,75.2,40,0.48780487804878,377,4.59756097560976,417,5.08536585365854,449,5.47560975609756,83,1.01219512195122,19,0.231707317073171,198,2.41463414634146,180,2.19512195121951,"C","GSW",26,207.5,114.75,26.65118305,3278000
"Furkan Aldemir",41,540,13.1707317073171,93,2.26829268292683,40,78,51.3,0,5,0,13,27,48.1,78,1.90243902439024,98,2.39024390243902,176,4.29268292682927,28,0.682926829268293,17,0.414634146341463,16,0.390243902439024,17,0.414634146341463,96,2.34146341463415,"PF","PHI",24,205,108,25.6989887,2963232
"Gal Mekel",4,43,10.75,6,1.5,3,20,15,0,3,0,0,0,0,0,0,1,0.25,1,0.25,13,3.25,2,0.5,0,0,2,0.5,1,0.25,"PG","NOH",27,187.5,85.95,24.448,633974
"Garrett Temple",52,736,14.1538461538462,204,3.92307692307692,68,170,40,33,88,37.5,35,48,72.9,24,0.461538461538462,66,1.26923076923077,90,1.73076923076923,56,1.07692307692308,42,0.807692307692308,9,0.173076923076923,34,0.653846153846154,76,1.46153846153846,"SG","WAS",29,195,87.75,23.07692308,981084
"Gary Harris",55,719,13.0727272727273,188,3.41818181818182,66,217,30.4,21,103,20.4,35,47,74.5,21,0.381818181818182,43,0.781818181818182,64,1.16363636363636,29,0.527272727272727,39,0.709090909090909,7,0.127272727272727,38,0.690909090909091,71,1.29090909090909,"SG","DEN",21,190,94.5,26.17728532,1519200
"Gary Neal",54,1192,22.0740740740741,543,10.0555555555556,188,503,37.4,50,164,30.5,117,135,86.7,14,0.259259259259259,115,2.12962962962963,129,2.38888888888889,100,1.85185185185185,23,0.425925925925926,1,0.0185185185185185,65,1.2037037037037,88,1.62962962962963,"SG","MIN",31,190,94.5,26.17728532,3250000
"George Hill",43,1267,29.4651162790698,692,16.093023255814,255,535,47.7,69,193,35.8,113,143,79,25,0.581395348837209,154,3.58139534883721,179,4.16279069767442,220,5.11627906976744,44,1.02325581395349,14,0.325581395348837,69,1.6046511627907,111,2.58139534883721,"PG","IND",29,187.5,84.6,24.064,8e+06
"Gerald Green",74,1446,19.5405405405405,884,11.9459459459459,324,778,41.6,137,387,35.4,99,120,82.5,33,0.445945945945946,153,2.06756756756757,186,2.51351351351351,91,1.22972972972973,42,0.567567567567568,12,0.162162162162162,104,1.40540540540541,145,1.95945945945946,"SG","PHO",29,197.5,92.25,23.65005608,3500000
"Gerald Henderson",80,2315,28.9375,969,12.1125,370,847,43.7,45,136,33.1,184,217,84.8,36,0.45,237,2.9625,273,3.4125,206,2.575,51,0.6375,22,0.275,110,1.375,135,1.6875,"SG","CHA",28,192.5,96.75,26.10895598,6e+06
"Giannis Antetokounmpo",81,2541,31.3703703703704,1030,12.716049382716,383,780,49.1,7,44,15.9,257,347,74.1,100,1.23456790123457,442,5.45679012345679,542,6.69135802469136,207,2.55555555555556,73,0.901234567901235,85,1.04938271604938,173,2.1358024691358,254,3.1358024691358,"SG","MIL",21,207.5,99.9,23.20220642,1873200
"Goran Dragic",78,2640,33.8461538461538,1275,16.3461538461538,502,1002,50.1,90,259,34.7,181,234,77.4,81,1.03846153846154,193,2.47435897435897,274,3.51282051282051,350,4.48717948717949,78,1,15,0.192307692307692,173,2.21794871794872,195,2.5,"SG","PHO",29,187.5,85.5,24.32,7500000
"Gordon Hayward",76,2618,34.4473684210526,1463,19.25,484,1087,44.5,120,330,36.4,375,462,81.2,54,0.710526315789474,319,4.19736842105263,373,4.90789473684211,313,4.11842105263158,108,1.42105263157895,30,0.394736842105263,206,2.71052631578947,131,1.72368421052632,"SF","UTA",25,200,101.7,25.425,14746000
"Gorgui Dieng",73,2193,30.041095890411,710,9.72602739726027,259,512,50.6,1,6,16.7,191,244,78.3,223,3.05479452054795,386,5.28767123287671,609,8.34246575342466,146,2,71,0.972602739726027,126,1.72602739726027,126,1.72602739726027,188,2.57534246575342,"C","MIN",25,207.5,108.45,25.18798084,1413480
"Grant Jerrett",8,51,6.375,16,2,7,26,26.9,1,15,6.7,1,1,100,2,0.25,7,0.875,9,1.125,3,0.375,2,0.25,2,0.25,3,0.375,11,1.375,"PF","UTA",22,205,105.75,25.1635931,816482
"Greg Monroe",69,2137,30.9710144927536,1098,15.9130434782609,423,853,49.6,0,0,0,252,336,75,229,3.31884057971015,475,6.88405797101449,704,10.2028985507246,142,2.05797101449275,78,1.1304347826087,34,0.492753623188406,149,2.15942028985507,148,2.14492753623188,"PF","DET",25,207.5,119.25,27.69632748,5479934
"Greg Smith",42,363,8.64285714285714,80,1.9047619047619,30,49,61.2,0,0,0,20,39,51.3,26,0.619047619047619,53,1.26190476190476,79,1.88095238095238,9,0.214285714285714,7,0.166666666666667,11,0.261904761904762,11,0.261904761904762,53,1.26190476190476,"PF","DAL",24,205,112.5,26.76977989,948163
"Greivis Vasquez",82,1991,24.280487804878,775,9.45121951219512,296,725,40.8,133,351,37.9,50,66,75.8,22,0.268292682926829,194,2.36585365853659,216,2.63414634146341,302,3.68292682926829,46,0.560975609756098,10,0.121951219512195,119,1.45121951219512,177,2.15853658536585,"PG","TOR",28,195,97.65,25.68047337,6400000
"Harrison Barnes",82,2318,28.2682926829268,827,10.0853658536585,316,656,48.2,87,215,40.5,108,150,72,117,1.42682926829268,336,4.09756097560976,453,5.52439024390244,116,1.41463414634146,61,0.74390243902439,19,0.231707317073171,71,0.865853658536585,146,1.78048780487805,"SF","GSW",23,200,94.5,23.625,3049920
"Ian Mahinmi",61,1146,18.7868852459016,265,4.34426229508197,117,212,55.2,0,0,0,31,102,30.4,105,1.72131147540984,251,4.11475409836066,356,5.83606557377049,33,0.540983606557377,30,0.491803278688525,46,0.754098360655738,59,0.967213114754098,172,2.81967213114754,"C","IND",29,207.5,112.5,26.12861083,4e+06
"Iman Shumpert",62,1545,24.9193548387097,496,8,193,471,41,67,196,34.2,43,64,67.2,55,0.887096774193548,169,2.7258064516129,224,3.61290322580645,135,2.17741935483871,81,1.30645161290323,16,0.258064516129032,91,1.46774193548387,138,2.2258064516129,"SG","NYK",25,192.5,99,26.716141,2616975
"Isaiah Canaan",47,938,19.9574468085106,432,9.19148936170213,146,378,38.6,91,246,37,49,60,81.7,18,0.382978723404255,69,1.46808510638298,87,1.85106382978723,98,2.08510638297872,29,0.617021276595745,3,0.0638297872340425,62,1.31914893617021,83,1.76595744680851,"PG","PHI",24,180,90.45,27.91666667,816842
"Isaiah Thomas",67,1726,25.7611940298507,1101,16.4328358208955,335,796,42.1,129,346,37.3,302,348,86.8,33,0.492537313432836,120,1.7910447761194,153,2.28358208955224,284,4.23880597014925,57,0.850746268656716,5,0.0746268656716418,143,2.13432835820896,150,2.23880597014925,"PG","BOS",26,172.5,83.25,27.97731569,7238606
"JJ Barea",77,1362,17.6883116883117,580,7.53246753246753,225,536,42,54,167,32.3,76,94,80.9,23,0.298701298701299,111,1.44155844155844,134,1.74025974025974,263,3.41558441558442,33,0.428571428571429,1,0.012987012987013,70,0.909090909090909,104,1.35064935064935,"PG","DAL",31,180,83.25,25.69444444,909859
"Jabari Brown",19,568,29.8947368421053,227,11.9473684210526,70,170,41.2,23,62,37.1,64,85,75.3,3,0.157894736842105,33,1.73684210526316,36,1.89473684210526,40,2.10526315789474,12,0.631578947368421,2,0.105263157894737,32,1.68421052631579,33,1.73684210526316,"SG","LAL",23,190,96.75,26.80055402,59686
"Jack Cooley",16,87,5.4375,27,1.6875,9,22,40.9,0,0,0,9,21,42.9,10,0.625,15,0.9375,25,1.5625,1,0.0625,6,0.375,3,0.1875,3,0.1875,23,1.4375,"PF","UTA",24,202.5,117,28.53223594,59686
"Jamal Crawford",64,1703,26.609375,1010,15.78125,332,839,39.6,119,364,32.7,227,252,90.1,18,0.28125,106,1.65625,124,1.9375,158,2.46875,59,0.921875,14,0.21875,92,1.4375,108,1.6875,"SG","LAC",35,192.5,90,24.28740091,5450000
"Jameer Nelson",63,1406,22.3174603174603,523,8.3015873015873,205,504,40.7,89,258,34.5,24,36,66.7,33,0.523809523809524,113,1.79365079365079,146,2.31746031746032,253,4.01587301587302,47,0.746031746031746,6,0.0952380952380952,109,1.73015873015873,136,2.15873015873016,"PG","DAL",33,180,85.5,26.38888889,2732000
"James Harden",81,2981,36.8024691358025,2217,27.3703703703704,647,1470,44,208,555,37.5,715,824,86.8,75,0.925925925925926,384,4.74074074074074,459,5.66666666666667,565,6.97530864197531,154,1.90123456790123,60,0.740740740740741,321,3.96296296296296,208,2.5679012345679,"SG","HOU",26,192.5,99,26.716141,14728844
"James Johnson",70,1370,19.5714285714286,554,7.91428571428571,238,404,58.9,11,51,21.6,67,102,65.7,61,0.871428571428571,196,2.8,257,3.67142857142857,95,1.35714285714286,54,0.771428571428571,70,1,79,1.12857142857143,155,2.21428571428571,"PF","TOR",28,202.5,112.5,27.43484225,2500000
"James Michael McAdoo",15,137,9.13333333333333,62,4.13333333333333,24,44,54.5,0,0,0,14,25,56,15,1,22,1.46666666666667,37,2.46666666666667,2,0.133333333333333,5,0.333333333333333,9,0.6,6,0.4,21,1.4,"PF","GSW",22,202.5,103.5,25.24005487,167122
"JaMychal Green",24,164,6.83333333333333,62,2.58333333333333,27,47,57.4,0,6,0,8,10,80,19,0.791666666666667,26,1.08333333333333,45,1.875,4,0.166666666666667,5,0.208333333333333,5,0.208333333333333,14,0.583333333333333,25,1.04166666666667,"PF","SAS",25,202.5,102.15,24.91083676,134295
"Jannero Pargo",9,73,8.11111111111111,41,4.55555555555556,15,35,42.9,9,22,40.9,2,2,100,0,0,3,0.333333333333333,3,0.333333333333333,8,0.888888888888889,0,0,0,0,3,0.333333333333333,8,0.888888888888889,"PG","CHA",36,182.5,78.75,23.64421092,915243
"Jared Dudley",72,1717,23.8472222222222,518,7.19444444444444,198,423,46.8,74,192,38.5,48,67,71.6,45,0.625,175,2.43055555555556,220,3.05555555555556,130,1.80555555555556,72,1,11,0.152777777777778,62,0.861111111111111,113,1.56944444444444,"SG","MIL",30,197.5,101.25,25.95737863,4250000
"Jared Sullinger",58,1566,27,770,13.2758620689655,311,708,43.9,52,184,28.3,96,129,74.4,147,2.53448275862069,294,5.06896551724138,441,7.60344827586207,134,2.31034482758621,44,0.758620689655172,42,0.724137931034483,78,1.3448275862069,153,2.63793103448276,"PF","BOS",23,202.5,117,28.53223594,1424520
"Jarrett Jack",80,2241,28.0125,957,11.9625,359,817,43.9,39,146,26.7,200,227,88.1,19,0.2375,226,2.825,245,3.0625,373,4.6625,75,0.9375,13,0.1625,191,2.3875,143,1.7875,"PG","NJN",32,187.5,90,25.6,6300000
"Jason Maxiell",61,878,14.3934426229508,203,3.32786885245902,81,192,42.2,0,0,0,41,71,57.7,86,1.40983606557377,117,1.91803278688525,203,3.32786885245902,19,0.311475409836066,18,0.295081967213115,44,0.721311475409836,29,0.475409836065574,96,1.57377049180328,"PF","CHA",32,197.5,117,29.99519308,915243
"Jason Richardson",19,416,21.8947368421053,172,9.05263157894737,62,178,34.8,31,96,32.3,17,22,77.3,13,0.684210526315789,53,2.78947368421053,66,3.47368421052632,38,2,13,0.684210526315789,3,0.157894736842105,16,0.842105263157895,28,1.47368421052632,"SG","PHI",34,195,99,26.03550296,6601125
"JaVale McGee",23,256,11.1304347826087,106,4.60869565217391,42,79,53.2,0,0,0,22,33,66.7,18,0.782608695652174,43,1.8695652173913,61,2.65217391304348,3,0.130434782608696,2,0.0869565217391304,20,0.869565217391304,18,0.782608695652174,30,1.30434782608696,"C","PHI",27,210,121.5,27.55102041,11250000
"Jeff Adrien",17,215,12.6470588235294,60,3.52941176470588,19,44,43.2,0,0,0,22,38,57.9,23,1.35294117647059,54,3.17647058823529,77,4.52941176470588,15,0.882352941176471,4,0.235294117647059,9,0.529411764705882,9,0.529411764705882,30,1.76470588235294,"PF","MIN",29,197.5,110.25,28.26470117,742962
"Jeff Ayres",51,383,7.50980392156863,137,2.68627450980392,55,95,57.9,0,0,0,27,36,75,37,0.725490196078431,80,1.56862745098039,117,2.29411764705882,14,0.274509803921569,8,0.156862745098039,8,0.156862745098039,26,0.509803921568627,60,1.17647058823529,"PF","SAS",28,202.5,108,26.33744856,1828750
"Jeff Green",78,2455,31.474358974359,1168,14.974358974359,416,967,43,97,292,33.2,239,287,83.3,64,0.82051282051282,264,3.38461538461538,328,4.20512820512821,134,1.71794871794872,53,0.67948717948718,34,0.435897435897436,108,1.38461538461538,147,1.88461538461538,"SF","MEM",29,202.5,105.75,25.78875171,9200000
"Jeff Teague",73,2228,30.5205479452055,1162,15.9178082191781,408,887,46,71,207,34.3,275,319,86.2,30,0.410958904109589,154,2.10958904109589,184,2.52054794520548,513,7.02739726027397,125,1.71232876712329,31,0.424657534246575,205,2.80821917808219,139,1.9041095890411,"PG","ATL",27,185,83.7,24.45580716,8e+06
"Jeffery Taylor",29,430,14.8275862068966,127,4.37931034482759,45,114,39.5,11,36,30.6,26,41,63.4,14,0.482758620689655,39,1.3448275862069,53,1.82758620689655,22,0.758620689655172,12,0.413793103448276,1,0.0344827586206897,19,0.655172413793103,36,1.24137931034483,"SF","CHA",26,197.5,101.25,25.95737863,915243
"Jerami Grant",65,1377,21.1846153846154,411,6.32307692307692,124,352,35.2,49,156,31.4,114,193,59.1,49,0.753846153846154,149,2.29230769230769,198,3.04615384615385,79,1.21538461538462,40,0.615384615384615,68,1.04615384615385,85,1.30769230769231,144,2.21538461538462,"SF","PHI",21,200,94.5,23.625,884879
"Jeremy Evans",38,266,7,90,2.36842105263158,32,58,55.2,2,5,40,24,29,82.8,26,0.684210526315789,45,1.18421052631579,71,1.86842105263158,13,0.342105263157895,11,0.289473684210526,12,0.315789473684211,5,0.131578947368421,29,0.763157894736842,"SF","UTA",28,202.5,90,21.9478738,1794871
"Jeremy Lamb",47,633,13.468085106383,295,6.27659574468085,104,250,41.6,38,111,34.2,49,55,89.1,8,0.170212765957447,99,2.1063829787234,107,2.27659574468085,44,0.936170212765957,21,0.446808510638298,6,0.127659574468085,27,0.574468085106383,52,1.1063829787234,"SG","OKC",23,192.5,83.25,22.46584584,2202000
"Jeremy Lin",74,1907,25.7702702702703,832,11.2432432432432,277,654,42.4,65,176,36.9,213,268,79.5,26,0.351351351351351,170,2.2972972972973,196,2.64864864864865,339,4.58108108108108,82,1.10810810810811,32,0.432432432432432,166,2.24324324324324,189,2.55405405405405,"PG","LAL",27,187.5,90,25.6,8374646
"Jerryd Bayless",77,1717,22.2987012987013,598,7.76623376623377,220,516,42.6,37,120,30.8,121,137,88.3,22,0.285714285714286,189,2.45454545454545,211,2.74025974025974,233,3.02597402597403,59,0.766233766233766,12,0.155844155844156,133,1.72727272727273,163,2.11688311688312,"PG","MIL",27,187.5,90,25.6,3e+06
"Jimmy Butler",65,2513,38.6615384615385,1301,20.0153846153846,421,912,46.2,73,193,37.8,386,463,83.4,114,1.75384615384615,265,4.07692307692308,379,5.83076923076923,212,3.26153846153846,114,1.75384615384615,36,0.553846153846154,93,1.43076923076923,108,1.66153846153846,"SG","CHI",26,197.5,99,25.38054799,2008748
"JJ Hickson",73,1411,19.3287671232877,552,7.56164383561644,218,459,47.5,0,2,0,116,201,57.7,150,2.05479452054795,302,4.13698630136986,452,6.19178082191781,57,0.780821917808219,36,0.493150684931507,35,0.479452054794521,96,1.31506849315068,136,1.86301369863014,"C","DEN",27,202.5,108.9,26.5569273,5381750
"JJ Redick",78,2409,30.8846153846154,1277,16.3717948717949,447,938,47.7,200,458,43.7,183,203,90.1,22,0.282051282051282,145,1.85897435897436,167,2.14102564102564,137,1.75641025641026,39,0.5,8,0.102564102564103,95,1.21794871794872,134,1.71794871794872,"SG","LAC",31,190,85.5,23.68421053,6792500
"Joakim Noah",67,2049,30.5820895522388,485,7.23880597014925,190,427,44.5,0,2,0,105,174,60.3,219,3.26865671641791,427,6.37313432835821,646,9.64179104477612,312,4.65671641791045,48,0.716417910447761,74,1.1044776119403,123,1.83582089552239,203,3.02985074626866,"C","CHI",30,207.5,103.5,24.03832196,12700000
"Jodie Meeks",60,1462,24.3666666666667,663,11.05,222,534,41.6,74,212,34.9,145,160,90.6,12,0.2,92,1.53333333333333,104,1.73333333333333,79,1.31666666666667,59,0.983333333333333,6,0.1,57,0.95,76,1.26666666666667,"SG","DET",28,190,94.5,26.17728532,6e+06
"Joe Harris",51,493,9.66666666666667,136,2.66666666666667,48,120,40,31,84,36.9,9,15,60,7,0.137254901960784,34,0.666666666666667,41,0.803921568627451,26,0.509803921568627,7,0.137254901960784,2,0.0392156862745098,27,0.529411764705882,62,1.2156862745098,"SG","CLE",24,195,98.55,25.91715976,884879
"Joe Ingles",79,1673,21.1772151898734,396,5.0126582278481,147,354,41.5,72,202,35.6,30,40,75,22,0.278481012658228,153,1.93670886075949,175,2.21518987341772,182,2.30379746835443,72,0.911392405063291,10,0.126582278481013,98,1.24050632911392,124,1.56962025316456,"SF","UTA",28,200,101.7,25.425,507336
"Joe Johnson",80,2791,34.8875,1154,14.425,446,1025,43.5,121,337,35.9,141,176,80.1,53,0.6625,331,4.1375,384,4.8,292,3.65,59,0.7375,14,0.175,137,1.7125,120,1.5,"SG","NJN",34,197.5,108,27.68787053,23180790
"Joel Anthony",49,406,8.28571428571429,87,1.77551020408163,36,62,58.1,0,0,0,15,22,68.2,32,0.653061224489796,61,1.24489795918367,93,1.89795918367347,5,0.102040816326531,12,0.244897959183673,49,1,12,0.244897959183673,55,1.12244897959184,"C","DET",33,202.5,110.25,26.8861454,3800000
"Joel Freeland",48,617,12.8541666666667,169,3.52083333333333,74,151,49,0,0,0,21,25,84,62,1.29166666666667,129,2.6875,191,3.97916666666667,16,0.333333333333333,9,0.1875,23,0.479166666666667,23,0.479166666666667,93,1.9375,"C","POR",28,205,112.5,26.76977989,3013512
"Joffrey Lauvergne",24,268,11.1666666666667,93,3.875,36,89,40.4,3,16,18.8,18,28,64.3,27,1.125,50,2.08333333333333,77,3.20833333333333,13,0.541666666666667,8,0.333333333333333,10,0.416666666666667,22,0.916666666666667,43,1.79166666666667,"C","DEN",24,207.5,99,22.99317753,1790281
"John Henson",67,1228,18.3283582089552,470,7.01492537313433,196,346,56.6,0,0,0,78,137,56.9,124,1.85074626865672,188,2.80597014925373,312,4.65671641791045,59,0.880597014925373,28,0.417910447761194,135,2.01492537313433,87,1.29850746268657,152,2.26865671641791,"C","MIL",25,207.5,103.05,23.93380752,1987320
"John Jenkins",24,297,12.375,135,5.625,49,99,49.5,21,52,40.4,16,19,84.2,2,0.0833333333333333,37,1.54166666666667,39,1.625,13,0.541666666666667,10,0.416666666666667,0,0,8,0.333333333333333,15,0.625,"SG","ATL",24,190,96.75,26.80055402,1312920
"John Lucas III",21,272,12.952380952381,98,4.66666666666667,42,104,40.4,9,29,31,5,5,100,4,0.19047619047619,12,0.571428571428571,16,0.761904761904762,60,2.85714285714286,8,0.380952380952381,0,0,16,0.761904761904762,18,0.857142857142857,"PG","DET",33,177.5,74.7,23.70958143,269189
"Johnny O'Bryant III",34,368,10.8235294117647,100,2.94117647058824,44,120,36.7,0,0,0,12,27,44.4,26,0.764705882352941,38,1.11764705882353,64,1.88235294117647,17,0.5,5,0.147058823529412,4,0.117647058823529,25,0.735294117647059,44,1.29411764705882,"PF","MIL",22,202.5,115.65,28.20301783,6e+05
"Jon Leuer",63,824,13.0793650793651,286,4.53968253968254,121,273,44.3,7,29,24.1,37,59,62.7,50,0.793650793650794,157,2.49206349206349,207,3.28571428571429,46,0.73015873015873,17,0.26984126984127,9,0.142857142857143,35,0.555555555555556,86,1.36507936507937,"PF","MEM",26,205,102.6,24.41403926,967500
"Jonas Jerebko",75,1230,16.4,448,5.97333333333333,169,379,44.6,54,140,38.6,56,66,84.8,93,1.24,189,2.52,282,3.76,71,0.946666666666667,46,0.613333333333333,18,0.24,44,0.586666666666667,135,1.8,"PF","DET",28,205,103.95,24.73527662,4500000
"Jonas Valanciunas",80,2096,26.2,963,12.0375,373,652,57.2,0,1,0,217,276,78.6,215,2.6875,478,5.975,693,8.6625,39,0.4875,33,0.4125,95,1.1875,109,1.3625,222,2.775,"C","TOR",23,210,119.25,27.04081633,3678360
"Jordan Adams",30,248,8.26666666666667,94,3.13333333333333,35,86,40.7,10,25,40,14,23,60.9,9,0.3,19,0.633333333333333,28,0.933333333333333,16,0.533333333333333,16,0.533333333333333,7,0.233333333333333,14,0.466666666666667,24,0.8,"SG","MEM",21,192.5,94.05,25.38033395,1344120
"Jordan Farmar",36,529,14.6944444444444,167,4.63888888888889,61,158,38.6,35,97,36.1,10,11,90.9,8,0.222222222222222,34,0.944444444444444,42,1.16666666666667,67,1.86111111111111,20,0.555555555555556,5,0.138888888888889,32,0.888888888888889,52,1.44444444444444,"PG","LAC",29,185,81,23.66691015,2077000
"Jordan Hamilton",14,122,8.71428571428571,38,2.71428571428571,14,35,40,10,21,47.6,0,0,0,2,0.142857142857143,14,1,16,1.14285714285714,7,0.5,2,0.142857142857143,0,0,4,0.285714285714286,14,1,"SF","LAC",25,197.5,99,25.38054799,150591
"Jordan Hill",70,1874,26.7714285714286,841,12.0142857142857,357,777,45.9,3,11,27.3,124,168,73.8,174,2.48571428571429,382,5.45714285714286,556,7.94285714285714,103,1.47142857142857,34,0.485714285714286,52,0.742857142857143,106,1.51428571428571,164,2.34285714285714,"C","LAL",28,205,105.75,25.1635931,9e+06
"Jorge Gutierrez",20,174,8.7,53,2.65,22,41,53.7,0,3,0,9,13,69.2,5,0.25,20,1,25,1.25,22,1.1,6,0.3,0,0,12,0.6,25,1.25,"PG","MIL",27,187.5,85.95,24.448,96056
"Jose Calderon",42,1270,30.2380952380952,382,9.09523809523809,147,354,41.5,59,142,41.5,29,32,90.6,19,0.452380952380952,105,2.5,124,2.95238095238095,198,4.71428571428571,31,0.738095238095238,0,0,75,1.78571428571429,76,1.80952380952381,"PG","NYK",34,187.5,90,25.6,7097191
"JR Smith",70,2079,29.7,847,12.1,315,755,41.7,163,426,38.3,54,72,75,30,0.428571428571429,188,2.68571428571429,218,3.11428571428571,195,2.78571428571429,82,1.17142857142857,22,0.314285714285714,97,1.38571428571429,163,2.32857142857143,"SG","NYK",30,195,101.25,26.62721893,6515510
"Jrue Holiday",40,1303,32.575,592,14.8,238,534,44.6,51,135,37.8,65,76,85.5,32,0.8,103,2.575,135,3.375,274,6.85,63,1.575,23,0.575,91,2.275,110,2.75,"PG","NOH",25,190,92.25,25.55401662,9904495
"Julius Randle",1,14,14,2,2,1,3,33.3,0,0,0,0,2,0,0,0,0,0,0,0,0,0,0,0,0,0,1,1,1,1,"PF","LAL",21,202.5,112.5,27.43484225,2997360
"Justin Hamilton",41,713,17.390243902439,219,5.34146341463415,85,178,47.8,10,31,32.3,39,47,83,57,1.39024390243902,77,1.8780487804878,134,3.26829268292683,36,0.878048780487805,27,0.658536585365854,30,0.731707317073171,26,0.634146341463415,70,1.70731707317073,"C","MIN",25,210,117,26.53061224,816482
"Justin Holiday",59,657,11.135593220339,254,4.30508474576271,91,235,38.7,35,109,32.1,37,45,82.2,12,0.203389830508475,61,1.03389830508475,73,1.23728813559322,48,0.813559322033898,40,0.677966101694915,12,0.203389830508475,29,0.491525423728814,54,0.915254237288136,"SG","GSW",26,195,83.25,21.89349112,816482
"Kalin Lucas",1,6,6,0,0,0,1,0,0,0,0,0,0,0,0,0,0,0,0,0,0,0,1,1,0,0,0,0,1,1,"PG","MEM",26,182.5,87.75,26.34640646,486446
"Kawhi Leonard",64,2033,31.765625,1057,16.515625,394,822,47.9,67,192,34.9,202,252,80.2,85,1.328125,376,5.875,461,7.203125,161,2.515625,148,2.3125,48,0.75,97,1.515625,128,2,"SF","SAS",24,197.5,103.5,26.53420926,2894059
"Kelly Olynyk",64,1424,22.25,656,10.25,251,528,47.5,61,175,34.9,93,136,68.4,92,1.4375,211,3.296875,303,4.734375,109,1.703125,64,1,39,0.609375,98,1.53125,213,3.328125,"C","BOS",24,210,107.1,24.28571429,2075760
"Kemba Walker",62,2119,34.1774193548387,1075,17.3387096774194,378,981,38.5,85,280,30.4,234,283,82.7,35,0.564516129032258,185,2.98387096774194,220,3.54838709677419,318,5.12903225806452,89,1.43548387096774,31,0.5,100,1.61290322580645,92,1.48387096774194,"PG","CHA",25,182.5,77.4,23.23888159,3272091
"Kendrick Perkins",68,1148,16.8823529411765,246,3.61764705882353,102,227,44.9,0,1,0,42,83,50.6,91,1.33823529411765,229,3.36764705882353,320,4.70588235294118,51,0.75,16,0.235294117647059,42,0.617647058823529,95,1.39705882352941,162,2.38235294117647,"C","OKC",31,205,121.5,28.91136228,274573
"Kenneth Faried",75,2086,27.8133333333333,946,12.6133333333333,373,736,50.7,1,8,12.5,199,288,69.1,242,3.22666666666667,426,5.68,668,8.90666666666667,89,1.18666666666667,62,0.826666666666667,57,0.76,118,1.57333333333333,211,2.81333333333333,"PF","DEN",26,200,102.6,25.65,2249768
"Kent Bazemore",75,1324,17.6533333333333,390,5.2,141,331,42.6,48,132,36.4,60,100,60,21,0.28,201,2.68,222,2.96,78,1.04,52,0.693333333333333,33,0.44,73,0.973333333333333,127,1.69333333333333,"SG","ATL",26,192.5,90.45,24.40883792,2e+06
"Kentavious Caldwell-Pope",82,2587,31.5487804878049,1043,12.719512195122,390,972,40.1,153,444,34.5,110,158,69.6,46,0.560975609756098,209,2.54878048780488,255,3.10975609756098,109,1.32926829268293,93,1.13414634146341,18,0.219512195121951,94,1.14634146341463,161,1.96341463414634,"SG","DET",22,192.5,92.25,24.89458593,2772480
"Kenyon Martin",11,104,9.45454545454546,20,1.81818181818182,9,22,40.9,0,0,0,2,2,100,6,0.545454545454545,13,1.18181818181818,19,1.72727272727273,5,0.454545454545455,5,0.454545454545455,6,0.545454545454545,3,0.272727272727273,13,1.18181818181818,"PF","MIL",38,202.5,105.3,25.67901235,414551
"Kevin Durant",27,913,33.8148148148148,686,25.4074074074074,238,467,51,64,159,40.3,146,171,85.4,16,0.592592592592593,162,6,178,6.59259259259259,110,4.07407407407407,24,0.888888888888889,25,0.925925925925926,74,2.74074074074074,40,1.48148148148148,"SF","OKC",27,202.5,108,26.33744856,18995624
"Kevin Love",75,2532,33.76,1228,16.3733333333333,413,952,43.4,144,392,36.7,258,321,80.4,142,1.89333333333333,589,7.85333333333333,731,9.74666666666667,168,2.24,51,0.68,39,0.52,122,1.62666666666667,140,1.86666666666667,"PF","CLE",27,205,112.95,26.87685901,15719063
"Kevin Martin",39,1302,33.3846153846154,779,19.974358974359,267,625,42.7,75,191,39.3,170,193,88.1,19,0.487179487179487,123,3.15384615384615,142,3.64102564102564,89,2.28205128205128,33,0.846153846153846,1,0.0256410256410256,76,1.94871794871795,76,1.94871794871795,"SG","MIN",32,197.5,89.55,22.95785932,6792500
"Kevin Seraphin",79,1235,15.6329113924051,520,6.58227848101266,231,450,51.3,0,2,0,58,82,70.7,87,1.10126582278481,201,2.54430379746835,288,3.64556962025316,59,0.746835443037975,10,0.126582278481013,59,0.746835443037975,98,1.24050632911392,197,2.49367088607595,"C","WAS",26,202.5,128.25,31.27572016,3898692
"Kirk Hinrich",66,1610,24.3939393939394,377,5.71212121212121,142,381,37.3,58,168,34.5,35,50,70,20,0.303030303030303,101,1.53030303030303,121,1.83333333333333,148,2.24242424242424,46,0.696969696969697,14,0.212121212121212,73,1.10606060606061,144,2.18181818181818,"SG","CHI",34,190,85.5,23.68421053,2732000
"Klay Thompson",77,2455,31.8831168831169,1668,21.6623376623377,602,1299,46.3,239,545,43.9,225,256,87.9,27,0.350649350649351,220,2.85714285714286,247,3.20779220779221,222,2.88311688311688,87,1.12987012987013,60,0.779220779220779,149,1.93506493506494,122,1.58441558441558,"SG","GSW",25,197.5,96.75,24.80371735,3075880
"Kobe Bryant",35,1207,34.4857142857143,782,22.3428571428571,266,713,37.3,54,184,29.3,196,241,81.3,26,0.742857142857143,173,4.94285714285714,199,5.68571428571429,197,5.62857142857143,47,1.34285714285714,7,0.2,128,3.65714285714286,65,1.85714285714286,"SG","LAL",37,195,95.4,25.0887574,23500000
"Kosta Koufos",81,1348,16.641975308642,419,5.17283950617284,182,358,50.8,0,0,0,55,85,64.7,121,1.49382716049383,305,3.76543209876543,426,5.25925925925926,37,0.45679012345679,29,0.358024691358025,63,0.777777777777778,69,0.851851851851852,148,1.82716049382716,"C","MEM",26,210,119.25,27.04081633,3e+06
"Kostas Papanikolaou",43,795,18.4883720930233,182,4.23255813953488,69,197,35,31,106,29.2,13,18,72.2,39,0.906976744186046,79,1.83720930232558,118,2.74418604651163,85,1.97674418604651,29,0.674418604651163,13,0.302325581395349,55,1.27906976744186,71,1.65116279069767,"SF","HOU",25,200,101.25,25.3125,4797664
"Kris Humphries",64,1345,21.015625,509,7.953125,211,446,47.3,0,7,0,87,117,74.4,118,1.84375,298,4.65625,416,6.5,57,0.890625,34,0.53125,25,0.390625,46,0.71875,130,2.03125,"PF","WAS",30,202.5,105.75,25.78875171,4250000
"Kyle Anderson",33,358,10.8484848484848,74,2.24242424242424,31,89,34.8,3,11,27.3,9,14,64.3,5,0.151515151515152,67,2.03030303030303,72,2.18181818181818,28,0.848484848484849,15,0.454545454545455,7,0.212121212121212,10,0.303030303030303,28,0.848484848484849,"SF","SAS",22,202.5,103.5,25.24005487,1093680
"Kyle Korver",75,2418,32.24,911,12.1466666666667,292,600,48.7,221,449,49.2,106,118,89.8,15,0.2,289,3.85333333333333,304,4.05333333333333,196,2.61333333333333,52,0.693333333333333,42,0.56,107,1.42666666666667,140,1.86666666666667,"SG","ATL",34,197.5,95.4,24.45761897,6253521
"Kyle Lowry",70,2414,34.4857142857143,1244,17.7714285714286,430,1043,41.2,132,391,33.8,252,312,80.8,54,0.771428571428571,274,3.91428571428571,328,4.68571428571429,473,6.75714285714286,109,1.55714285714286,13,0.185714285714286,173,2.47142857142857,212,3.02857142857143,"PG","TOR",29,182.5,88.2,26.48151623,1.2e+07
"Kyle Singler",80,1744,21.8,480,6,172,446,38.6,96,241,39.8,40,52,76.9,33,0.4125,161,2.0125,194,2.425,85,1.0625,47,0.5875,21,0.2625,55,0.6875,153,1.9125,"SF","OKC",27,200,102.6,25.65,1090000
"Kyrie Irving",75,2730,36.4,1628,21.7066666666667,578,1235,46.8,157,378,41.5,315,365,86.3,55,0.733333333333333,182,2.42666666666667,237,3.16,389,5.18666666666667,114,1.52,20,0.266666666666667,186,2.48,146,1.94666666666667,"PG","CLE",23,187.5,86.85,24.704,7070730
"LaMarcus Aldridge",71,2512,35.3802816901408,1661,23.3943661971831,659,1415,46.6,37,105,35.2,306,362,84.5,177,2.49295774647887,549,7.73239436619718,726,10.2253521126761,124,1.74647887323944,48,0.676056338028169,68,0.957746478873239,122,1.71830985915493,125,1.76056338028169,"PF","POR",30,207.5,117,27.17375526,16006000
"Lance Stephenson",61,1573,25.7868852459016,501,8.21311475409836,207,550,37.6,18,105,17.1,69,110,62.7,39,0.639344262295082,238,3.90163934426229,277,4.54098360655738,240,3.9344262295082,38,0.622950819672131,8,0.131147540983607,128,2.09836065573771,134,2.19672131147541,"SG","CHA",25,192.5,103.5,27.93051105,9e+06
"Landry Fields",26,216,8.30769230769231,46,1.76923076923077,20,41,48.8,1,2,50,5,6,83.3,10,0.384615384615385,16,0.615384615384615,26,1,15,0.576923076923077,11,0.423076923076923,0,0,8,0.307692307692308,9,0.346153846153846,"SF","TOR",27,197.5,94.5,24.22688672,6250000
"Langston Galloway",45,1457,32.3777777777778,533,11.8444444444444,204,511,39.9,62,176,35.2,63,78,80.8,37,0.822222222222222,153,3.4,190,4.22222222222222,150,3.33333333333333,52,1.15555555555556,12,0.266666666666667,61,1.35555555555556,129,2.86666666666667,"PG","NYK",24,185,90,26.29656684,235762
"LeBron James",69,2493,36.1304347826087,1743,25.2608695652174,624,1279,48.8,120,339,35.4,375,528,71,51,0.739130434782609,365,5.28985507246377,416,6.02898550724638,511,7.40579710144928,109,1.57971014492754,49,0.710144927536232,272,3.94202898550725,135,1.95652173913043,"SF","CLE",31,200,112.5,28.125,20644400
"Lorenzo Brown",29,549,18.9310344827586,122,4.20689655172414,52,122,42.6,6,28,21.4,12,19,63.2,14,0.482758620689655,56,1.93103448275862,70,2.41379310344828,90,3.10344827586207,28,0.96551724137931,6,0.206896551724138,30,1.03448275862069,49,1.68965517241379,"PG","MIN",25,192.5,85.05,22.95159386,283367
"Lou Amundson",53,937,17.6792452830189,259,4.88679245283019,109,255,42.7,0,1,0,41,87,47.1,94,1.77358490566038,174,3.28301886792453,268,5.05660377358491,70,1.32075471698113,22,0.415094339622642,52,0.981132075471698,62,1.16981132075472,126,2.37735849056604,"PF","NYK",33,202.5,99,24.14266118,409167
"Lou Williams",80,2016,25.2,1242,15.525,375,928,40.4,152,447,34,340,395,86.1,24,0.3,127,1.5875,151,1.8875,164,2.05,88,1.1,10,0.125,101,1.2625,103,1.2875,"SG","TOR",29,182.5,78.75,23.64421092,5450000
"Luc Mbah a Moute",67,1916,28.5970149253731,660,9.85074626865672,251,636,39.5,62,202,30.7,96,163,58.9,82,1.22388059701493,246,3.67164179104478,328,4.8955223880597,106,1.58208955223881,81,1.2089552238806,21,0.313432835820896,99,1.47761194029851,104,1.55223880597015,"PF","PHI",29,200,103.5,25.875,4382576
"Lucas Nogueira",6,23,3.83333333333333,6,1,2,8,25,0,0,0,2,4,50,2,0.333333333333333,9,1.5,11,1.83333333333333,1,0.166666666666667,2,0.333333333333333,0,0,2,0.333333333333333,6,1,"C","TOR",23,210,108.45,24.59183673,1762680
"Luis Scola",81,1659,20.4814814814815,763,9.41975308641975,300,642,46.7,5,20,25,158,226,69.9,138,1.7037037037037,388,4.79012345679012,526,6.49382716049383,105,1.2962962962963,47,0.580246913580247,18,0.222222222222222,94,1.16049382716049,192,2.37037037037037,"PF","IND",35,202.5,108,26.33744856,4868499
"Luke Ridnour",47,683,14.531914893617,188,4,75,176,42.6,20,63,31.7,18,21,85.7,8,0.170212765957447,60,1.27659574468085,68,1.4468085106383,96,2.04255319148936,20,0.425531914893617,4,0.0851063829787234,38,0.808510638297872,67,1.42553191489362,"PG","ORL",34,185,78.75,23.00949598,2750000
"Luol Deng",72,2421,33.625,1007,13.9861111111111,369,787,46.9,78,220,35.5,191,251,76.1,103,1.43055555555556,273,3.79166666666667,376,5.22222222222222,139,1.93055555555556,65,0.902777777777778,22,0.305555555555556,108,1.5,109,1.51388888888889,"SF","MIA",30,202.5,99,24.14266118,9714461
"Malcolm Thomas",17,194,11.4117647058824,45,2.64705882352941,18,40,45,0,7,0,9,13,69.2,16,0.941176470588235,40,2.35294117647059,56,3.29411764705882,7,0.411764705882353,3,0.176470588235294,1,0.0588235294117647,13,0.764705882352941,17,1,"SG","PHI",25,192.5,90,24.28740091,635827
"Marc Gasol",81,2687,33.1728395061728,1413,17.4444444444444,530,1072,49.4,3,17,17.6,350,440,79.5,115,1.41975308641975,515,6.35802469135802,630,7.77777777777778,307,3.79012345679012,70,0.864197530864197,131,1.61728395061728,176,2.17283950617284,208,2.5679012345679,"C","MEM",30,212.5,114.75,25.41176471,15829688
"Marcin Gortat",82,2453,29.9146341463415,1001,12.2073170731707,439,775,56.6,0,3,0,123,175,70.3,180,2.19512195121951,537,6.54878048780488,717,8.74390243902439,97,1.18292682926829,49,0.597560975609756,110,1.34146341463415,100,1.21951219512195,191,2.32926829268293,"C","WAS",31,207.5,108,25.0834664,10434782
"Marco Belinelli",62,1388,22.3870967741935,568,9.16129032258065,199,470,42.3,86,230,37.4,84,99,84.8,26,0.419354838709677,131,2.11290322580645,157,2.53225806451613,94,1.51612903225806,31,0.5,3,0.0483870967741935,61,0.983870967741935,85,1.37096774193548,"SG","SAS",29,192.5,94.5,25.50177096,2873750
"Marcus Morris",81,2045,25.2469135802469,845,10.4320987654321,331,763,43.4,112,313,35.8,71,113,62.8,73,0.901234567901235,312,3.85185185185185,385,4.75308641975309,133,1.64197530864198,63,0.777777777777778,16,0.197530864197531,73,0.901234567901235,188,2.32098765432099,"PF","PHO",26,202.5,105.75,25.78875171,2943221
"Marcus Smart",67,1808,26.9850746268657,523,7.80597014925373,175,477,36.7,91,272,33.5,82,127,64.6,61,0.91044776119403,161,2.40298507462687,222,3.3134328358209,208,3.1044776119403,99,1.47761194029851,18,0.26865671641791,90,1.34328358208955,176,2.62686567164179,"PG","BOS",21,190,99,27.42382271,3283320
"Mario Chalmers",80,2368,29.6,813,10.1625,267,663,40.3,73,248,29.4,206,266,77.4,24,0.3,182,2.275,206,2.575,307,3.8375,122,1.525,10,0.125,173,2.1625,251,3.1375,"PG","MIA",29,185,85.5,24.9817385,4e+06
"Markieff Morris",82,2581,31.4756097560976,1258,15.3414634146341,512,1100,46.5,57,179,31.8,177,232,76.3,110,1.34146341463415,396,4.82926829268293,506,6.17073170731707,192,2.34146341463415,101,1.23170731707317,39,0.475609756097561,170,2.07317073170732,245,2.98780487804878,"PF","PHO",26,205,110.25,26.2343843,2989239
"Marreese Speights",76,1207,15.8815789473684,791,10.4078947368421,318,646,49.2,5,18,27.8,150,178,84.3,109,1.43421052631579,216,2.84210526315789,325,4.27631578947368,72,0.947368421052632,20,0.263157894736842,34,0.447368421052632,82,1.07894736842105,189,2.48684210526316,"C","GSW",28,205,114.75,27.30517549,3657500
"Marvin Williams",78,2035,26.0897435897436,577,7.3974358974359,210,495,42.4,95,265,35.8,62,87,71.3,58,0.743589743589744,328,4.20512820512821,386,4.94871794871795,100,1.28205128205128,69,0.884615384615385,36,0.461538461538462,60,0.769230769230769,146,1.87179487179487,"PF","CHA",29,202.5,106.65,26.00823045,7e+06
"Mason Plumlee",82,1743,21.2560975609756,717,8.74390243902439,280,489,57.3,0,3,0,157,317,49.5,175,2.13414634146341,337,4.10975609756098,512,6.24390243902439,74,0.902439024390244,65,0.792682926829268,63,0.768292682926829,106,1.29268292682927,207,2.52439024390244,"C","NJN",25,207.5,110.25,25.60603861,1357080
"Matt Barnes",76,2271,29.8815789473684,764,10.0526315789474,277,624,44.4,136,376,36.2,74,95,77.9,51,0.671052631578947,251,3.30263157894737,302,3.97368421052632,114,1.5,67,0.881578947368421,50,0.657894736842105,87,1.14473684210526,240,3.15789473684211,"SF","LAC",35,197.5,101.7,26.07274475,3396250
"Maurice Harkless",45,674,14.9777777777778,158,3.51111111111111,63,158,39.9,10,56,17.9,22,41,53.7,38,0.844444444444444,68,1.51111111111111,106,2.35555555555556,25,0.555555555555556,32,0.711111111111111,9,0.2,27,0.6,66,1.46666666666667,"SF","ORL",22,202.5,96.75,23.59396433,1887840
"Meyers Leonard",55,847,15.4,327,5.94545454545455,125,245,51,47,112,42,30,32,93.8,46,0.836363636363636,204,3.70909090909091,250,4.54545454545455,32,0.581818181818182,10,0.181818181818182,14,0.254545454545455,39,0.709090909090909,113,2.05454545454545,"C","POR",23,212.5,110.25,24.41522491,2317920
"Michael Beasley",24,505,21.0416666666667,212,8.83333333333333,92,212,43.4,8,34,23.5,20,26,76.9,12,0.5,77,3.20833333333333,89,3.70833333333333,32,1.33333333333333,15,0.625,13,0.541666666666667,37,1.54166666666667,66,2.75,"SF","MIA",26,202.5,105.75,25.78875171,195440
"Michael Carter-Williams",66,2150,32.5757575757576,966,14.6363636363636,364,919,39.6,36,153,23.5,202,291,69.4,64,0.96969696969697,289,4.37878787878788,353,5.34848484848485,442,6.6969696969697,111,1.68181818181818,30,0.454545454545455,253,3.83333333333333,167,2.53030303030303,"PG","PHI",24,195,85.5,22.4852071,2300040
"Michael Kidd-Gilchrist",55,1587,28.8545454545455,598,10.8727272727273,224,482,46.5,0,0,0,150,214,70.1,109,1.98181818181818,307,5.58181818181818,416,7.56363636363636,77,1.4,30,0.545454545454545,38,0.690909090909091,63,1.14545454545455,115,2.09090909090909,"SF","CHA",22,197.5,104.4,26.76494152,5016960
"Mike Conley",70,2225,31.7857142857143,1107,15.8142857142857,393,882,44.6,107,277,38.6,214,249,85.9,29,0.414285714285714,180,2.57142857142857,209,2.98571428571429,375,5.35714285714286,89,1.27142857142857,14,0.2,156,2.22857142857143,139,1.98571428571429,"PG","MEM",28,182.5,78.75,23.64421092,8694216
"Mike Dunleavy",63,1838,29.1746031746032,595,9.44444444444444,209,481,43.5,107,263,40.7,70,87,80.5,28,0.444444444444444,220,3.49206349206349,248,3.93650793650794,114,1.80952380952381,39,0.619047619047619,21,0.333333333333333,60,0.952380952380952,123,1.95238095238095,"SF","CHI",35,202.5,103.5,25.24005487,3326235
"Mike Scott",68,1123,16.5147058823529,529,7.77941176470588,201,453,44.4,66,192,34.4,61,77,79.2,45,0.661764705882353,154,2.26470588235294,199,2.92647058823529,75,1.10294117647059,25,0.367647058823529,3,0.0441176470588235,39,0.573529411764706,83,1.22058823529412,"PF","ATL",27,200,106.65,26.6625,3333333
"Miles Plumlee",73,1194,16.3561643835616,294,4.02739726027397,136,254,53.5,0,0,0,22,46,47.8,112,1.53424657534247,208,2.84931506849315,320,4.38356164383562,34,0.465753424657534,41,0.561643835616438,66,0.904109589041096,51,0.698630136986301,111,1.52054794520548,"C","PHO",27,207.5,112.05,26.02409639,1169880
"Mitch McGary",32,485,15.15625,201,6.28125,88,165,53.3,0,2,0,25,40,62.5,53,1.65625,112,3.5,165,5.15625,14,0.4375,16,0.5,16,0.5,31,0.96875,72,2.25,"PF","OKC",23,205,114.75,27.30517549,1400040
"Mo Williams",68,1980,29.1176470588235,964,14.1764705882353,341,860,39.7,119,348,34.2,163,187,87.2,22,0.323529411764706,152,2.23529411764706,174,2.55882352941176,424,6.23529411764706,46,0.676470588235294,14,0.205882352941176,172,2.52941176470588,162,2.38235294117647,"PG","CHA",33,182.5,89.1,26.75173579,3965074
"Monta Ellis",80,2699,33.7375,1513,18.9125,602,1354,44.5,81,284,28.5,228,303,75.2,34,0.425,156,1.95,190,2.375,329,4.1125,148,1.85,25,0.3125,198,2.475,197,2.4625,"SG","DAL",30,187.5,83.25,23.68,8360000
"Nerlens Noel",75,2311,30.8133333333333,744,9.92,302,653,46.2,0,0,0,140,230,60.9,185,2.46666666666667,426,5.68,611,8.14666666666667,128,1.70666666666667,133,1.77333333333333,142,1.89333333333333,146,1.94666666666667,208,2.77333333333333,"C","PHI",21,207.5,102.6,23.82929308,3315120
"Nick Calathes",58,838,14.448275862069,243,4.18965517241379,104,247,42.1,11,43,25.6,24,45,53.3,19,0.327586206896552,87,1.5,106,1.82758620689655,146,2.51724137931034,63,1.08620689655172,5,0.0862068965517241,61,1.05172413793103,100,1.72413793103448,"SG","MEM",26,195,95.85,25.20710059,816482
"Nick Collison",66,1101,16.6818181818182,273,4.13636363636364,106,253,41.9,16,60,26.7,45,65,69.2,90,1.36363636363636,160,2.42424242424242,250,3.78787878787879,90,1.36363636363636,35,0.53030303030303,25,0.378787878787879,45,0.681818181818182,156,2.36363636363636,"PF","OKC",35,205,114.75,27.30517549,2242003
"Nicolas Batum",71,2380,33.5211267605634,664,9.35211267605634,240,600,40,100,309,32.4,84,98,85.7,62,0.873239436619718,354,4.98591549295775,416,5.85915492957746,341,4.80281690140845,78,1.09859154929577,40,0.563380281690141,132,1.85915492957746,106,1.49295774647887,"SF","POR",27,200,90,22.5,11765500
"Nik Stauskas",73,1127,15.4383561643836,319,4.36986301369863,108,296,36.5,48,149,32.2,55,64,85.9,11,0.150684931506849,77,1.05479452054795,88,1.20547945205479,67,0.917808219178082,20,0.273972602739726,17,0.232876712328767,40,0.547945205479452,92,1.26027397260274,"SG","SAC",22,195,92.25,24.26035503,2745840
"Nikola Mirotic",82,1654,20.1707317073171,833,10.1585365853659,253,624,40.5,99,313,31.6,228,284,80.3,63,0.768292682926829,341,4.15853658536585,404,4.92682926829268,97,1.18292682926829,54,0.658536585365854,54,0.658536585365854,89,1.08536585365854,172,2.09756097560976,"PF","CHI",24,205,99,23.55740631,5305000
"Nikola Vucevic",74,2529,34.1756756756757,1428,19.2972972972973,631,1206,52.3,2,6,33.3,164,218,75.2,238,3.21621621621622,572,7.72972972972973,810,10.9459459459459,147,1.98648648648649,54,0.72972972972973,54,0.72972972972973,148,2,220,2.97297297297297,"C","ORL",25,210,117,26.53061224,2751260
"Noah Vonleh",25,259,10.36,83,3.32,30,76,39.5,5,13,38.5,18,26,69.2,28,1.12,58,2.32,86,3.44,4,0.16,4,0.16,9,0.36,11,0.44,20,0.8,"PF","CHA",20,205,108,25.6989887,2524200
"Norris Cole",75,1831,24.4133333333333,573,7.64,230,558,41.2,55,176,31.3,58,81,71.6,13,0.173333333333333,146,1.94666666666667,159,2.12,255,3.4,57,0.76,15,0.2,99,1.32,124,1.65333333333333,"PG","NOH",27,185,78.75,23.00949598,2038206
"OJ Mayo",71,1697,23.9014084507042,806,11.3521126760563,296,701,42.2,99,277,35.7,115,139,82.7,30,0.422535211267606,157,2.2112676056338,187,2.63380281690141,197,2.77464788732394,57,0.802816901408451,18,0.253521126760563,128,1.80281690140845,165,2.32394366197183,"SG","MIL",28,192.5,94.5,25.50177096,8e+06
"Omer Asik",76,1982,26.0789473684211,557,7.32894736842105,213,412,51.7,0,0,0,131,225,58.2,244,3.21052631578947,504,6.63157894736842,748,9.8421052631579,72,0.947368421052632,29,0.381578947368421,54,0.710526315789474,95,1.25,144,1.89473684210526,"C","NOH",29,210,114.75,26.02040816,8374646
"Otto Porter Jr",74,1432,19.3513513513514,445,6.01351351351351,176,391,45,35,104,33.7,58,79,73.4,70,0.945945945945946,151,2.04054054054054,221,2.98648648648649,65,0.878378378378378,44,0.594594594594595,30,0.405405405405405,52,0.702702702702703,97,1.31081081081081,"SF","WAS",22,200,89.1,22.275,4470480
"Pablo Prigioni",67,1197,17.865671641791,274,4.08955223880597,91,228,39.9,57,166,34.3,35,41,85.4,30,0.447761194029851,89,1.32835820895522,119,1.77611940298507,171,2.55223880597015,79,1.17910447761194,1,0.0149253731343284,62,0.925373134328358,88,1.3134328358209,"PG","NYK",38,187.5,83.25,23.68,1662961
"Patrick Christopher",4,29,7.25,6,1.5,3,12,25,0,4,0,0,0,0,2,0.5,4,1,6,1.5,0,0,1,0.25,0,0,1,0.25,6,1.5,"SG","UTA",27,192.5,94.05,25.38033395,379010
"Patty Mills",51,801,15.7058823529412,351,6.88235294117647,128,336,38.1,62,182,34.1,33,40,82.5,21,0.411764705882353,54,1.05882352941176,75,1.47058823529412,87,1.70588235294118,28,0.549019607843137,2,0.0392156862745098,35,0.686274509803922,58,1.13725490196078,"PG","SAS",27,180,83.25,25.69444444,3842105
"Pau Gasol",78,2681,34.3717948717949,1446,18.5384615384615,570,1153,49.4,12,26,46.2,294,366,80.3,220,2.82051282051282,699,8.96153846153846,919,11.7820512820513,210,2.69230769230769,25,0.320512820512821,147,1.88461538461538,158,2.02564102564103,147,1.88461538461538,"PF","CHI",35,210,112.5,25.51020408,7128000
"Paul George",6,91,15.1666666666667,53,8.83333333333333,18,49,36.7,9,22,40.9,8,11,72.7,4,0.666666666666667,18,3,22,3.66666666666667,6,1,5,0.833333333333333,1,0.166666666666667,12,2,11,1.83333333333333,"SF","IND",25,202.5,99,24.14266118,15937290
"Paul Millsap",73,2390,32.7397260273973,1218,16.6849315068493,443,930,47.6,77,216,35.6,255,337,75.7,139,1.9041095890411,431,5.9041095890411,570,7.80821917808219,223,3.05479452054795,130,1.78082191780822,69,0.945205479452055,166,2.27397260273973,201,2.75342465753425,"PF","ATL",30,200,110.7,27.675,9500000
"Paul Pierce",73,1914,26.2191780821918,868,11.8904109589041,293,656,44.7,118,303,38.9,164,210,78.1,45,0.616438356164384,249,3.41095890410959,294,4.02739726027397,144,1.97260273972603,46,0.63013698630137,24,0.328767123287671,92,1.26027397260274,160,2.19178082191781,"SF","WAS",38,197.5,105.75,27.1110399,5305000
"Pero Antic",63,1037,16.4603174603175,356,5.65079365079365,108,296,36.5,52,173,30.1,88,123,71.5,58,0.920634920634921,131,2.07936507936508,189,3,49,0.777777777777778,18,0.285714285714286,14,0.222222222222222,49,0.777777777777778,132,2.0952380952381,"PF","ATL",33,207.5,117,27.17375526,1250000
"PJ Hairston",45,687,15.2666666666667,254,5.64444444444444,87,269,32.3,49,163,30.1,31,36,86.1,22,0.488888888888889,70,1.55555555555556,92,2.04444444444444,21,0.466666666666667,21,0.466666666666667,13,0.288888888888889,22,0.488888888888889,61,1.35555555555556,"SG","CHA",23,195,103.5,27.21893491,1149720
"Quincy Miller",10,120,12,29,2.9,9,38,23.7,3,18,16.7,8,11,72.7,4,0.4,16,1.6,20,2,8,0.8,7,0.7,5,0.5,5,0.5,9,0.9,"PF","SAC",23,202.5,94.5,23.04526749,183049
"Quincy Pondexter",75,1793,23.9066666666667,538,7.17333333333333,188,447,42.1,91,244,37.3,71,96,74,53,0.706666666666667,142,1.89333333333333,195,2.6,94,1.25333333333333,19,0.253333333333333,24,0.32,51,0.68,150,2,"SF","NOH",27,197.5,99,25.38054799,3146068
"Rajon Rondo",68,2019,29.6911764705882,608,8.94117647058824,275,645,42.6,27,86,31.4,31,78,39.7,73,1.07352941176471,300,4.41176470588235,373,5.48529411764706,538,7.91176470588235,91,1.33823529411765,7,0.102941176470588,210,3.08823529411765,153,2.25,"PG","DAL",29,182.5,83.7,25.13041847,12909090
"Ramon Sessions",64,1188,18.5625,402,6.28125,125,334,37.4,19,60,31.7,133,173,76.9,23,0.359375,121,1.890625,144,2.25,182,2.84375,29,0.453125,0,0,86,1.34375,73,1.140625,"PG","WAS",29,187.5,85.5,24.32,2077000
"Rasual Butler",75,1505,20.0666666666667,580,7.73333333333333,218,517,42.2,91,235,38.7,53,67,79.1,27,0.36,170,2.26666666666667,197,2.62666666666667,63,0.84,29,0.386666666666667,22,0.293333333333333,48,0.64,98,1.30666666666667,"SF","WAS",36,197.5,96.75,24.80371735,915243
"Ray McCallum",68,1436,21.1176470588235,503,7.39705882352941,206,470,43.8,34,111,30.6,57,84,67.9,52,0.764705882352941,128,1.88235294117647,180,2.64705882352941,188,2.76470588235294,45,0.661764705882353,11,0.161764705882353,85,1.25,92,1.35294117647059,"PG","SAC",24,187.5,85.5,24.32,816482
"Raymond Felton",29,281,9.68965517241379,108,3.72413793103448,43,106,40.6,10,34,29.4,12,15,80,2,0.0689655172413793,24,0.827586206896552,26,0.896551724137931,41,1.41379310344828,11,0.379310344827586,4,0.137931034482759,18,0.620689655172414,17,0.586206896551724,"PG","DAL",31,182.5,92.25,27.69750422,3793693
"Reggie Bullock",36,338,9.38888888888889,69,1.91666666666667,24,70,34.3,15,46,32.6,6,9,66.7,1,0.0277777777777778,49,1.36111111111111,50,1.38888888888889,8,0.222222222222222,10,0.277777777777778,4,0.111111111111111,8,0.222222222222222,19,0.527777777777778,"SF","PHO",24,197.5,92.25,23.65005608,1200720
"Reggie Evans",47,764,16.2553191489362,176,3.74468085106383,58,137,42.3,0,2,0,60,97,61.9,97,2.06382978723404,202,4.29787234042553,299,6.36170212765957,32,0.680851063829787,22,0.468085106382979,5,0.106382978723404,45,0.957446808510638,91,1.93617021276596,"PF","SAC",35,200,110.25,27.5625,1768653
"Reggie Jackson",77,2268,29.4545454545455,1117,14.5064935064935,432,996,43.4,72,241,29.9,181,218,83,56,0.727272727272727,271,3.51948051948052,327,4.24675324675325,462,6,62,0.805194805194805,9,0.116883116883117,186,2.41558441558442,167,2.16883116883117,"PG","OKC",25,187.5,93.6,26.624,2204369
"Ricky Rubio",22,692,31.4545454545455,226,10.2727272727273,78,219,35.6,13,51,25.5,57,71,80.3,19,0.863636363636364,106,4.81818181818182,125,5.68181818181818,193,8.77272727272727,38,1.72727272727273,1,0.0454545454545455,64,2.90909090909091,59,2.68181818181818,"SG","NYK",23,197.5,87.75,22.49639481,4660479
"Robbie Hummel",45,742,16.4888888888889,198,4.4,79,172,45.9,16,51,31.4,24,29,82.8,31,0.688888888888889,103,2.28888888888889,134,2.97777777777778,27,0.6,16,0.355555555555556,9,0.2,18,0.4,86,1.91111111111111,"SF","MIN",26,200,96.75,24.1875,880000
"Robert Covington",70,1956,27.9428571428571,943,13.4714285714286,299,756,39.6,167,446,37.4,178,217,82,65,0.928571428571429,251,3.58571428571429,316,4.51428571428571,105,1.5,97,1.38571428571429,31,0.442857142857143,128,1.82857142857143,189,2.7,"SF","PHI",25,202.5,96.75,23.59396433,1e+06
"Robin Lopez",59,1638,27.7627118644068,566,9.59322033898305,234,437,53.5,0,1,0,98,127,77.2,190,3.22033898305085,204,3.45762711864407,394,6.67796610169492,55,0.932203389830508,16,0.271186440677966,84,1.42372881355932,73,1.23728813559322,122,2.06779661016949,"C","POR",27,210,114.75,26.02040816,6124729
"Rodney Hood",50,1064,21.28,433,8.66,155,374,41.4,62,170,36.5,61,80,76.3,9,0.18,108,2.16,117,2.34,83,1.66,30,0.6,12,0.24,45,0.9,119,2.38,"SG","UTA",23,200,92.7,23.175,1290360
"Roy Hibbert",76,1926,25.3421052631579,802,10.5526315789474,317,710,44.6,0,2,0,168,204,82.4,156,2.05263157894737,384,5.05263157894737,540,7.10526315789474,84,1.10526315789474,18,0.236842105263158,125,1.64473684210526,107,1.40789473684211,216,2.84210526315789,"C","IND",29,215,121.5,26.2844781,14898938
"Rudy Gay",68,2408,35.4117647058824,1432,21.0588235294118,508,1116,45.5,79,220,35.9,337,393,85.8,98,1.44117647058824,301,4.42647058823529,399,5.86764705882353,250,3.67647058823529,71,1.04411764705882,41,0.602941176470588,183,2.69117647058824,157,2.30882352941176,"SF","SAC",29,200,103.5,25.875,19317326
"Rudy Gobert",82,2158,26.3170731707317,686,8.36585365853658,258,427,60.4,0,2,0,170,273,62.3,265,3.23170731707317,510,6.21951219512195,775,9.45121951219512,109,1.32926829268293,64,0.780487804878049,189,2.30487804878049,111,1.35365853658537,175,2.13414634146341,"C","UTA",23,212.5,110.25,24.41522491,1127400
"Russ Smith",12,65,5.41666666666667,30,2.5,8,25,32,2,11,18.2,12,13,92.3,1,0.0833333333333333,5,0.416666666666667,6,0.5,8,0.666666666666667,3,0.25,0,0,12,1,13,1.08333333333333,"PG","MEM",24,180,74.25,22.91666667,507336
"Ryan Anderson",61,1675,27.4590163934426,833,13.655737704918,291,729,39.9,122,359,34,129,151,85.4,108,1.77049180327869,187,3.0655737704918,295,4.83606557377049,55,0.901639344262295,33,0.540983606557377,20,0.327868852459016,62,1.01639344262295,113,1.85245901639344,"PF","NOH",27,205,108,25.6989887,8491500
"Ryan Hollins",46,441,9.58695652173913,137,2.97826086956522,53,82,64.6,0,0,0,31,54,57.4,36,0.782608695652174,67,1.45652173913043,103,2.23913043478261,14,0.304347826086957,6,0.130434782608696,19,0.41304347826087,25,0.543478260869565,65,1.41304347826087,"C","SAC",31,210,108,24.48979592,915243
"Ryan Kelly",52,1233,23.7115384615385,332,6.38461538461539,104,309,33.7,45,134,33.6,79,95,83.2,13,0.25,133,2.55769230769231,146,2.80769230769231,92,1.76923076923077,30,0.576923076923077,24,0.461538461538462,37,0.711538461538462,118,2.26923076923077,"PF","LAL",24,207.5,103.5,24.03832196,1650000
"Samuel Dalembert",32,544,17,128,4,57,130,43.8,0,0,0,14,20,70,53,1.65625,115,3.59375,168,5.25,29,0.90625,14,0.4375,41,1.28125,39,1.21875,70,2.1875,"C","NYK",34,207.5,114.75,26.65118305,4051527
"Serge Ibaka",64,2116,33.0625,917,14.328125,374,786,47.6,77,205,37.6,92,110,83.6,135,2.109375,364,5.6875,499,7.796875,55,0.859375,30,0.46875,155,2.421875,97,1.515625,194,3.03125,"PF","OKC",26,205,105.75,25.1635931,12350000
"Sergey Karasev",33,555,16.8181818181818,153,4.63636363636364,54,134,40.3,16,54,29.6,29,38,76.3,22,0.666666666666667,44,1.33333333333333,66,2,46,1.39393939393939,23,0.696969696969697,1,0.0303030303030303,24,0.727272727272727,45,1.36363636363636,"SG","NJN",22,197.5,93.6,23.99615446,1533840
"Seth Curry",2,8,4,0,0,0,3,0,0,1,0,0,0,0,0,0,2,1,2,1,1,0.5,0,0,0,0,0,0,2,1,"PG","PHO",25,185,83.25,24.32432432,48028
"Shabazz Muhammad",38,866,22.7894736842105,512,13.4736842105263,194,397,48.9,20,51,39.2,104,145,71.7,63,1.65789473684211,91,2.39473684210526,154,4.05263157894737,44,1.15789473684211,18,0.473684210526316,7,0.184210526315789,35,0.921052631578947,49,1.28947368421053,"SG","MIN",23,195,100.35,26.39053254,1971960
"Shane Larkin",76,1865,24.5394736842105,470,6.18421052631579,187,432,43.3,35,116,30.2,61,78,78.2,29,0.381578947368421,147,1.93421052631579,176,2.31578947368421,226,2.97368421052632,93,1.22368421052632,9,0.118421052631579,83,1.09210526315789,150,1.97368421052632,"PG","NYK",23,177.5,78.75,24.99504067,1606080
"Shaun Livingston",78,1468,18.8205128205128,461,5.91025641025641,198,396,50,0,2,0,65,91,71.4,43,0.551282051282051,140,1.79487179487179,183,2.34615384615385,259,3.32051282051282,49,0.628205128205128,20,0.256410256410256,102,1.30769230769231,110,1.41025641025641,"PG","GSW",30,197.5,86.4,22.15029643,5305000
"Shavlik Randolph",21,126,6,24,1.14285714285714,9,35,25.7,0,5,0,6,12,50,16,0.761904761904762,22,1.04761904761905,38,1.80952380952381,4,0.19047619047619,5,0.238095238095238,3,0.142857142857143,3,0.142857142857143,16,0.761904761904762,"PF","BOS",32,205,108,25.6989887,1227985
"Shawn Marion",57,1101,19.3157894736842,276,4.84210526315789,119,267,44.6,12,46,26.1,26,34,76.5,64,1.12280701754386,138,2.42105263157895,202,3.54385964912281,51,0.894736842105263,27,0.473684210526316,27,0.473684210526316,33,0.578947368421053,58,1.01754385964912,"SF","CLE",37,197.5,99,25.38054799,915243
"Shawne Williams",63,1087,17.2539682539683,341,5.41269841269841,121,300,40.3,64,178,36,35,40,87.5,36,0.571428571428571,130,2.06349206349206,166,2.63492063492063,44,0.698412698412698,25,0.396825396825397,21,0.333333333333333,30,0.476190476190476,135,2.14285714285714,"PF","IND",24,207.5,112.5,26.12861083,1227985
"Shelvin Mack",55,833,15.1454545454545,299,5.43636363636364,117,292,40.1,40,127,31.5,25,31,80.6,8,0.145454545454545,71,1.29090909090909,79,1.43636363636364,155,2.81818181818182,30,0.545454545454545,2,0.0363636363636364,49,0.890909090909091,32,0.581818181818182,"PG","ATL",25,187.5,91.35,25.984,2433333
"Sim Bhullar",3,3,1,2,0.666666666666667,1,2,50,0,0,0,0,0,0,0,0,1,0.333333333333333,1,0.333333333333333,1,0.333333333333333,0,0,1,0.333333333333333,0,0,0,0,"C","SAC",23,222.5,162,32.72314102,507336
"Solomon Hill",82,2381,29.0365853658537,729,8.89024390243902,251,634,39.6,68,208,32.7,159,193,82.4,70,0.853658536585366,244,2.97560975609756,314,3.82926829268293,184,2.24390243902439,66,0.804878048780488,18,0.219512195121951,115,1.40243902439024,177,2.15853658536585,"SF","IND",24,197.5,101.25,25.95737863,1302840
"Spencer Dinwiddie",34,455,13.3823529411765,145,4.26470588235294,51,169,30.2,12,65,18.5,31,34,91.2,4,0.117647058823529,44,1.29411764705882,48,1.41176470588235,104,3.05882352941176,19,0.558823529411765,6,0.176470588235294,33,0.970588235294118,53,1.55882352941176,"PG","DET",22,195,90,23.66863905,7e+05
"Spencer Hawes",73,1274,17.4520547945205,425,5.82191780821918,163,415,39.3,55,176,31.3,44,68,64.7,30,0.410958904109589,228,3.12328767123288,258,3.53424657534247,88,1.20547945205479,24,0.328767123287671,53,0.726027397260274,61,0.835616438356164,173,2.36986301369863,"PF","LAC",27,212.5,110.25,24.41522491,5305000
"Stephen Curry",80,2613,32.6625,1900,23.75,653,1341,48.7,286,646,44.3,308,337,91.4,56,0.7,285,3.5625,341,4.2625,619,7.7375,163,2.0375,16,0.2,249,3.1125,158,1.975,"PG","GSW",27,187.5,85.5,24.32,10629213
"Steve Novak",35,197,5.62857142857143,63,1.8,22,56,39.3,19,48,39.6,0,2,0,2,0.0571428571428571,20,0.571428571428571,22,0.628571428571429,11,0.314285714285714,0,0,2,0.0571428571428571,5,0.142857142857143,23,0.657142857142857,"PF","OKC",32,205,101.25,24.0928019,3445947
"Steven Adams",70,1771,25.3,537,7.67142857142857,217,399,54.4,0,2,0,103,205,50.2,199,2.84285714285714,324,4.62857142857143,523,7.47142857142857,66,0.942857142857143,38,0.542857142857143,86,1.22857142857143,99,1.41428571428571,222,3.17142857142857,"C","OKC",22,210,114.75,26.02040816,2184960
"Taj Gibson",62,1692,27.2903225806452,640,10.3225806451613,254,506,50.2,0,0,0,132,184,71.7,162,2.61290322580645,234,3.7741935483871,396,6.38709677419355,71,1.14516129032258,36,0.580645161290323,75,1.20967741935484,77,1.24193548387097,162,2.61290322580645,"PF","CHI",30,202.5,101.25,24.69135802,8e+06
"Tayshaun Prince",58,1397,24.0862068965517,434,7.48275862068965,177,402,44,31,67,46.3,49,65,75.4,52,0.896551724137931,158,2.72413793103448,210,3.62068965517241,93,1.60344827586207,29,0.5,16,0.275862068965517,35,0.603448275862069,55,0.948275862068966,"SF","MEM",35,202.5,95.4,23.26474623,7707865
"Terrence Jones",33,889,26.9393939393939,386,11.6969696969697,158,299,52.8,13,37,35.1,57,94,60.6,78,2.36363636363636,142,4.3030303030303,220,6.66666666666667,36,1.09090909090909,18,0.545454545454545,59,1.78787878787879,37,1.12121212121212,78,2.36363636363636,"PF","HOU",23,202.5,113.4,27.65432099,1618680
"Terrence Ross",82,2092,25.5121951219512,807,9.84146341463415,309,753,41,145,390,37.2,44,56,78.6,32,0.390243902439024,194,2.36585365853659,226,2.75609756097561,86,1.04878048780488,53,0.646341463414634,25,0.304878048780488,69,0.841463414634146,136,1.65853658536585,"SF","TOR",24,197.5,92.7,23.76542221,2793960
"Thabo Sefolosha",52,976,18.7692307692308,278,5.34615384615385,104,249,41.8,25,78,32.1,45,58,77.6,53,1.01923076923077,170,3.26923076923077,223,4.28846153846154,75,1.44230769230769,53,1.01923076923077,21,0.403846153846154,38,0.730769230769231,67,1.28846153846154,"SF","ATL",31,197.5,99,25.38054799,4150000
"Tiago Splitter",52,1030,19.8076923076923,428,8.23076923076923,169,303,55.8,0,0,0,90,120,75,91,1.75,161,3.09615384615385,252,4.84615384615385,78,1.5,35,0.673076923076923,37,0.711538461538462,60,1.15384615384615,103,1.98076923076923,"C","SAS",30,207.5,110.25,25.60603861,9250000
"Tim Duncan",77,2227,28.9220779220779,1070,13.8961038961039,419,819,51.2,2,7,28.6,230,311,74,170,2.20779220779221,534,6.93506493506494,704,9.14285714285714,230,2.98701298701299,63,0.818181818181818,151,1.96103896103896,131,1.7012987012987,165,2.14285714285714,"C","SAS",39,207.5,112.5,26.12861083,10361446
"Tim Frazier",11,240,21.8181818181818,57,5.18181818181818,21,61,34.4,5,17,29.4,10,21,47.6,6,0.545454545454545,22,2,28,2.54545454545455,60,5.45454545454545,8,0.727272727272727,0,0,25,2.27272727272727,26,2.36363636363636,"PG","POR",25,182.5,76.5,22.96866204,59686
"Tim Hardaway Jr",70,1681,24.0142857142857,804,11.4857142857143,279,717,38.9,121,354,34.2,125,156,80.1,12,0.171428571428571,144,2.05714285714286,156,2.22857142857143,127,1.81428571428571,20,0.285714285714286,14,0.2,82,1.17142857142857,119,1.7,"SG","NYK",23,195,92.25,24.26035503,1250640
"Timofey Mozgov",81,2046,25.2592592592593,785,9.69135802469136,314,566,55.5,2,6,33.3,155,216,71.8,203,2.50617283950617,388,4.79012345679012,591,7.2962962962963,55,0.679012345679012,33,0.407407407407407,97,1.19753086419753,116,1.4320987654321,227,2.80246913580247,"C","CLE",29,212.5,123.75,27.40484429,4650000
"Tobias Harris",68,2369,34.8382352941176,1164,17.1176470588235,442,949,46.6,87,239,36.4,193,245,78.8,73,1.07352941176471,357,5.25,430,6.32352941176471,124,1.82352941176471,69,1.01470588235294,36,0.529411764705882,115,1.69117647058824,134,1.97058823529412,"SF","ORL",23,202.5,105.75,25.78875171,2380594
"Toney Douglas",12,177,14.75,51,4.25,19,51,37.3,5,18,27.8,8,13,61.5,2,0.166666666666667,20,1.66666666666667,22,1.83333333333333,24,2,11,0.916666666666667,4,0.333333333333333,10,0.833333333333333,20,1.66666666666667,"SG","NOH",29,185,87.75,25.63915267,107676
"Tony Allen",63,1648,26.1587301587302,539,8.55555555555556,225,455,49.5,10,29,34.5,79,126,62.7,103,1.63492063492063,177,2.80952380952381,280,4.44444444444444,86,1.36507936507937,129,2.04761904761905,30,0.476190476190476,86,1.36507936507937,166,2.63492063492063,"SG","MEM",33,190,95.85,26.55124654,4831461
"Tony Parker",68,1953,28.7205882352941,976,14.3529411764706,404,832,48.6,38,89,42.7,130,166,78.3,15,0.220588235294118,114,1.67647058823529,129,1.89705882352941,335,4.92647058823529,44,0.647058823529412,2,0.0294117647058824,146,2.14705882352941,108,1.58823529411765,"PG","SAS",33,185,83.25,24.32432432,12500000
"Tony Snell",72,1412,19.6111111111111,435,6.04166666666667,159,371,42.9,73,197,37.1,44,55,80,31,0.430555555555556,145,2.01388888888889,176,2.44444444444444,62,0.861111111111111,32,0.444444444444444,11,0.152777777777778,48,0.666666666666667,86,1.19444444444444,"SF","CHI",24,197.5,90,23.07322544,1472400
"Toure' Murry",5,18,3.6,6,1.2,2,5,40,0,0,0,2,2,100,1,0.2,0,0,1,0.2,1,0.2,1,0.2,0,0,4,0.8,2,0.4,"SG","WAS",26,192.5,87.75,23.68021589,96056
"Trevor Ariza",82,2930,35.7317073170732,1048,12.780487804878,366,910,40.2,194,555,35,122,143,85.3,77,0.939024390243902,382,4.65853658536585,459,5.59756097560976,209,2.54878048780488,152,1.85365853658537,17,0.207317073170732,141,1.71951219512195,186,2.26829268292683,"SF","HOU",30,200,96.75,24.1875,8579089
"Trey Burke",76,2288,30.1052631578947,973,12.8026315789474,370,1005,36.8,124,390,31.8,109,145,75.2,31,0.407894736842105,173,2.27631578947368,204,2.68421052631579,328,4.31578947368421,65,0.855263157894737,15,0.197368421052632,124,1.63157894736842,119,1.56578947368421,"PG","UTA",23,182.5,85.95,25.80596735,2548560
"Ty Lawson",75,2665,35.5333333333333,1143,15.24,404,926,43.6,70,205,34.1,265,363,73,42,0.56,192,2.56,234,3.12,720,9.6,92,1.22666666666667,9,0.12,185,2.46666666666667,128,1.70666666666667,"PG","DEN",28,177.5,87.75,27.85161674,11595506
"Tyler Ennis",33,411,12.4545454545455,121,3.66666666666667,52,144,36.1,12,43,27.9,5,7,71.4,7,0.212121212121212,28,0.848484848484849,35,1.06060606060606,73,2.21212121212121,18,0.545454545454545,5,0.151515151515152,42,1.27272727272727,36,1.09090909090909,"PG","PHO",21,187.5,87.3,24.832,1590720
"Tyler Hansbrough",74,1058,14.2972972972973,270,3.64864864864865,86,165,52.1,1,7,14.3,97,139,69.8,106,1.43243243243243,159,2.14864864864865,265,3.58108108108108,21,0.283783783783784,30,0.405405405405405,15,0.202702702702703,20,0.27027027027027,141,1.90540540540541,"PF","TOR",30,202.5,112.5,27.43484225,3326235
"Tyler Johnson",32,603,18.84375,190,5.9375,70,167,41.9,18,48,37.5,32,47,68.1,14,0.4375,67,2.09375,81,2.53125,42,1.3125,33,1.03125,9,0.28125,30,0.9375,42,1.3125,"SG","MIA",23,190,83.7,23.18559557,199950
"Tyreke Evans",79,2690,34.0506329113924,1313,16.620253164557,521,1165,44.7,69,227,30.4,202,291,69.4,82,1.0379746835443,334,4.22784810126582,416,5.26582278481013,521,6.59493670886076,100,1.26582278481013,37,0.468354430379747,246,3.11392405063291,198,2.50632911392405,"SG","NOH",26,195,99,26.03550296,11265416
"Tyson Chandler",75,2286,30.48,771,10.28,293,440,66.6,0,0,0,185,257,72,294,3.92,570,7.6,864,11.52,84,1.12,42,0.56,91,1.21333333333333,105,1.4,169,2.25333333333333,"C","DAL",33,212.5,108,23.91695502,14846888
"Udonis Haslem",62,995,16.0483870967742,261,4.20967741935484,107,239,44.8,2,10,20,45,64,70.3,71,1.14516129032258,187,3.01612903225806,258,4.16129032258065,46,0.741935483870968,21,0.338709677419355,13,0.209677419354839,41,0.661290322580645,113,1.82258064516129,"PF","MIA",35,200,105.75,26.4375,2732000
"Victor Claver",10,76,7.6,24,2.4,9,20,45,6,11,54.5,0,0,0,3,0.3,17,1.7,20,2,1,0.1,1,0.1,1,0.1,4,0.4,12,1.2,"SF","POR",27,202.5,100.8,24.58161866,1370000
"Victor Oladipo",72,2573,35.7361111111111,1292,17.9444444444444,473,1086,43.6,84,248,33.9,262,320,81.9,51,0.708333333333333,251,3.48611111111111,302,4.19444444444444,295,4.09722222222222,120,1.66666666666667,19,0.263888888888889,204,2.83333333333333,187,2.59722222222222,"SG","ORL",23,190,94.5,26.17728532,4978200
"Vince Carter",66,1091,16.530303030303,384,5.81818181818182,135,406,33.3,69,232,29.7,45,57,78.9,27,0.409090909090909,106,1.60606060606061,133,2.01515151515152,79,1.1969696969697,43,0.651515151515151,14,0.212121212121212,43,0.651515151515151,102,1.54545454545455,"SG","MEM",38,195,99,26.03550296,3911981
"Wesley Matthews",60,2024,33.7333333333333,956,15.9333333333333,337,752,44.8,173,445,38.9,109,145,75.2,38,0.633333333333333,184,3.06666666666667,222,3.7,139,2.31666666666667,77,1.28333333333333,10,0.166666666666667,81,1.35,132,2.2,"SG","POR",29,192.5,99,26.716141,7245640
"Will Bynum",7,67,9.57142857142857,22,3.14285714285714,10,31,32.3,0,9,0,2,4,50,2,0.285714285714286,4,0.571428571428571,6,0.857142857142857,18,2.57142857142857,1,0.142857142857143,1,0.142857142857143,8,1.14285714285714,9,1.28571428571429,"SG","WAS",32,180,83.25,25.69444444,2915908
"Will Cherry",8,69,8.625,15,1.875,5,19,26.3,2,9,22.2,3,6,50,1,0.125,4,0.5,5,0.625,8,1,6,0.75,1,0.125,4,0.5,10,1.25,"PG","CLE",24,180,83.25,25.69444444,495399
"Willie Green",52,951,18.2884615384615,306,5.88461538461539,118,306,38.6,42,121,34.7,28,34,82.4,14,0.269230769230769,65,1.25,79,1.51923076923077,68,1.30769230769231,26,0.5,5,0.0961538461538462,48,0.923076923076923,81,1.55769230769231,"SG","ORL",34,190,90,24.93074792,1448490
"Wilson Chandler",78,2471,31.6794871794872,1085,13.9102564102564,418,975,42.9,139,406,34.2,110,142,77.5,96,1.23076923076923,379,4.85897435897436,475,6.08974358974359,134,1.71794871794872,58,0.743589743589744,29,0.371794871794872,110,1.41025641025641,231,2.96153846153846,"SF","DEN",28,200,101.25,25.3125,6757913
"Xavier Henry",9,86,9.55555555555556,20,2.22222222222222,3,13,23.1,0,0,0,14,24,58.3,2,0.222222222222222,2,0.222222222222222,4,0.444444444444444,3,0.333333333333333,3,0.333333333333333,0,0,3,0.333333333333333,6,0.666666666666667,"SF","LAL",24,195,99,26.03550296,1082000
"Zach LaVine",77,1902,24.7012987012987,778,10.1038961038961,286,677,42.2,57,167,34.1,149,177,84.2,27,0.350649350649351,187,2.42857142857143,214,2.77922077922078,276,3.58441558441558,54,0.701298701298701,10,0.12987012987013,193,2.50649350649351,158,2.05194805194805,"PG","MIN",20,192.5,85.05,22.95159386,2055840
"Zach Randolph",71,2304,32.4507042253521,1143,16.0985915492958,454,932,48.7,7,20,35,228,298,76.5,225,3.16901408450704,522,7.35211267605634,747,10.5211267605634,153,2.15492957746479,69,0.971830985915493,14,0.197183098591549,156,2.19718309859155,175,2.46478873239437,"PF","MEM",34,202.5,117,28.53223594,16500000
"Zaza Pachulia",73,1730,23.6986301369863,606,8.3013698630137,240,529,45.4,0,3,0,126,160,78.8,197,2.6986301369863,303,4.15068493150685,500,6.84931506849315,178,2.43835616438356,80,1.0958904109589,21,0.287671232876712,133,1.82191780821918,170,2.32876712328767,"C","MIL",31,207.5,121.5,28.2188997,5200000
"Zoran Dragic",16,75,4.6875,28,1.75,11,30,36.7,3,14,21.4,3,5,60,5,0.3125,3,0.1875,8,0.5,5,0.3125,2,0.125,0,0,5,0.3125,6,0.375,"SG","PHO",26,192.5,90,24.28740091,1706225
